house_room,house,house_area,total_price,unit_price
4室2厅,托乐嘉友邻居 ,142.35,370.0,25993.0
2室2厅,金马郦城西区 ,53.48,226.0,42259.0
3室2厅,富丽山庄 ,93.52,320.0,34218.0
3室1厅,彩虹苑 ,90.19,290.0,32155.0
2室2厅,天润城第十四街区 ,68.14,172.0,25243.0
2室2厅,蓝岸尚城 ,50.2,175.0,34861.0
2室2厅,工行新寓 ,61.65,173.0,28062.0
2室1厅,王府园小区 ,62.47,215.0,34417.0
2室2厅,天华绿谷庄园 ,88.04,176.0,19991.0
2室2厅,天润城第十一街区 ,68.22,172.0,25213.0
2室2厅,江岸水城 ,73.01,163.0,22326.0
2室2厅,银城东苑东篱苑 ,102.3,420.0,41056.0
3室1厅,白下路 ,68.04,203.0,29836.0
5室2厅,香山美墅 ,203.39,520.0,25567.0
2室2厅,江南名府 ,97.11,335.0,34497.0
2室2厅,天地新城天心座 ,92.33,225.0,24370.0
2室2厅,营苑新寓 ,68.29,158.0,23137.0
2室1厅,富康新村 ,50.66,130.0,25662.0
2室1厅,交通一村 ,58.52,160.0,27342.0
3室1厅,王府园小区 ,71.21,252.0,35389.0
2室2厅,托乐嘉睦邻居 ,89.19,262.0,29376.0
3室2厅,高尔夫国际花园 ,114.45,305.0,26650.0
3室2厅,文荟福邸 ,93.96,166.0,17668.0
3室1厅,凤虹苑 ,62.75,155.0,24702.0
3室2厅,仁恒翠竹园 ,107.65,430.0,39945.0
2室1厅,樱驼花园跃新园 ,57.43,155.0,26990.0
2室1厅,三条巷 ,55.04,185.0,33612.0
2室1厅,虹苑新寓五村 ,53.13,148.0,27857.0
3室2厅,翠屏湾花园城 ,136.92,260.0,18990.0
2室1厅,金陵新八村 ,64.1,145.0,22621.0
3室1厅,高尔夫国际花园 ,139.64,390.0,27929.0
2室2厅,白鹭花园凤栖苑 ,79.51,232.0,29179.0
2室2厅,欧洲城凯旋丽都花园 ,95.08,398.0,41860.0
2室1厅,钓鱼巷小区 ,55.87,152.0,27207.0
2室1厅,莺虹苑 ,61.26,168.0,27425.0
3室2厅,东城雅筑 ,120.88,410.0,33918.0
3室2厅,水月秦淮 ,104.29,300.0,28766.0
4室2厅,龙凤花园隽凤园 ,112.36,480.0,42720.0
3室2厅,江南青年城楚襄园 ,94.91,205.0,21600.0
3室2厅,怡馨花园 ,111.44,360.0,32305.0
3室1厅,清河新寓二村 ,85.07,485.0,57012.0
3室1厅,思园 ,86.34,288.0,33357.0
3室2厅,良城美景家园 ,108.83,350.0,32161.0
3室2厅,雯锦雅苑 ,116.18,348.0,29954.0
2室1厅,教工新村 ,76.53,270.0,35281.0
3室2厅,翠屏国际水杉苑 ,130.79,340.0,25996.0
2室2厅,天润城第九街区 ,80.99,187.0,23090.0
3室2厅,天润城第十四街区 ,89.84,205.0,22819.0
2室2厅,天琪雅居 ,97.75,268.0,27417.0
3室1厅,月新公寓 ,87.88,340.0,38690.0
3室1厅,瑞金北村 ,73.23,315.0,43016.0
2室1厅,双塘里 ,51.18,145.0,28332.0
2室1厅,明园 ,49.6,145.0,29234.0
2室1厅,雨花新村四村 ,46.2,126.0,27273.0
1室1厅,大地伊丽雅特湾 ,58.62,155.0,26442.0
2室2厅,星雨华府 ,91.38,465.0,50887.0
3室1厅,凤凰庄 ,68.69,255.0,37124.0
3室1厅,南阴阳营 ,73.99,280.0,37843.0
2室1厅,小杨村小区 ,58.36,168.0,28787.0
2室1厅,东方城启明园 ,69.66,165.0,23687.0
2室1厅,小杨村小区 ,58.36,168.0,28787.0
3室1厅,高云岭 ,61.72,230.0,37266.0
3室1厅,尚景公寓 ,46.01,122.0,26516.0
2室2厅,天悦花园 ,79.62,238.0,29892.0
2室1厅,阳光里 ,50.01,145.0,28995.0
3室1厅,王府园小区 ,65.78,228.0,34661.0
3室2厅,翠屏清华园 ,98.57,277.0,28102.0
4室2厅,爱涛翠湖花园 ,143.62,340.0,23674.0
3室2厅,碧水湾花园 ,108.7,280.0,25759.0
3室2厅,翠屏国际水杉苑 ,147.24,350.0,23771.0
3室2厅,百家湖西花园巴黎城 ,121.58,330.0,27143.0
3室1厅,新城市假日 ,121.43,502.0,41341.0
2室1厅,南方花园A组团 ,66.32,190.0,28649.0
3室1厅,江岸水城 ,90.99,189.0,20772.0
2室2厅,百家湖国际花园 ,82.15,224.0,27268.0
3室2厅,黄埔鑫园 ,122.3,397.0,32462.0
3室1厅,真园 ,76.76,237.0,30876.0
3室2厅,苏建豪庭 ,106.85,388.0,36313.0
3室1厅,沙塘园17号 ,80.56,360.0,44688.0
3室2厅,天润城第十一街区 ,88.6,200.0,22574.0
2室1厅,明园 ,50.03,158.0,31582.0
2室2厅,西城岚湾花苑 ,97.04,462.0,47610.0
2室1厅,晔园 ,63.79,175.0,27434.0
3室2厅,江岸水城 ,110.51,220.0,19908.0
2室1厅,露园 ,49.94,158.0,31638.0
3室1厅,扇骨里小区 ,64.9,178.0,27427.0
3室2厅,良城美景家园 ,95.37,315.0,33030.0
2室1厅,宏图上花园 ,88.73,406.0,45757.0
2室1厅,石婆婆巷 ,50.53,165.0,32654.0
4室2厅,华汇康城 ,136.09,225.0,16534.0
2室2厅,华汇康城 ,84.17,190.0,22574.0
2室2厅,天润城第六街区 ,93.17,188.0,20179.0
2室2厅,南方花园B组团 ,71.69,203.0,28317.0
2室2厅,丹佛小镇 ,77.24,195.0,25246.0
2室1厅,雅居乐花园 ,52.65,192.0,36468.0
3室2厅,江岸水城 ,100.04,194.0,19393.0
3室2厅,天润城第四街区 ,117.28,225.0,19185.0
3室2厅,江南名府 ,112.16,368.0,32811.0
2室2厅,万达紫金明珠 ,84.45,235.0,27828.0
2室2厅,亚都天元居 ,87.39,255.0,29180.0
3室2厅,良城美景家园 ,114.54,365.0,31867.0
3室2厅,正泰花苑 ,125.7,408.0,32459.0
4室2厅,21世纪现代城 ,166.28,470.0,28266.0
2室1厅,金陵新九村 ,49.64,128.0,25786.0
3室2厅,银城东苑毓秀苑 ,126.47,460.0,36373.0
3室2厅,清江花苑圆梦园 ,147.16,550.0,37375.0
2室2厅,锦绣花园紫桂园 ,94.97,185.0,19480.0
2室2厅,宏安大厦 ,97.13,255.0,26254.0
2室2厅,旭日家园 ,70.53,168.0,23820.0
4室1厅,北苑二村 ,78.55,275.0,35010.0
2室1厅,贡园 ,52.74,170.0,32234.0
3室2厅,阅城国际花园怡然园 ,133.24,470.0,35275.0
1室1厅,康业里 ,42.43,125.0,29461.0
2室1厅,山阴路 ,49.49,450.0,90928.0
6室2厅,东郊小镇第四街区 ,130.44,225.0,17250.0
3室2厅,名嘉佳园小区 ,125.2,340.0,27157.0
3室2厅,枫丹白露白露新寓 ,155.54,548.0,35233.0
3室2厅,鸿信清新家园 ,131.96,385.0,29176.0
3室2厅,鸿意星城 ,110.01,345.0,31361.0
3室2厅,鸿意星城 ,110.01,345.0,31361.0
2室1厅,莫愁新寓郁金里 ,57.9,185.0,31952.0
3室2厅,万科光明城市东苑 ,140.18,730.0,52076.0
3室2厅,金轮第一城 ,94.2,248.0,26327.0
2室1厅,北门桥小区 ,79.69,218.0,27357.0
2室1厅,凤凰街84号 ,54.79,200.0,36504.0
4室3厅,江南青年城蓝水苑 ,188.89,345.0,18265.0
2室1厅,来凤里 ,54.23,138.0,25448.0
2室1厅,悦民公寓 ,64.91,131.0,20182.0
4室2厅,集庆路 ,91.58,320.0,34943.0
3室1厅,康定里 ,70.6,285.0,40369.0
2室2厅,威尼斯水城第十街区 ,83.2,210.0,25241.0
2室2厅,天元吉第城 ,53.96,179.0,33173.0
3室1厅,东白菜园 ,67.73,210.0,31006.0
3室1厅,双塘里 ,63.44,198.0,31211.0
3室2厅,三金福邸 ,109.54,355.0,32409.0
3室2厅,明发滨江新城三期 ,130.48,310.0,23759.0
3室1厅,康定里 ,70.19,285.0,40605.0
3室2厅,锦绣花园紫桂园 ,117.25,220.0,18764.0
3室2厅,金信花园 ,119.91,540.0,45034.0
3室1厅,紫竹林 ,74.1,205.0,27666.0
3室2厅,托乐嘉友邻居 ,136.72,370.0,27063.0
2室2厅,挪威森林 ,90.68,258.0,28452.0
2室2厅,华汇康城 ,83.75,178.0,21254.0
3室2厅,逸翠居 ,118.49,345.0,29117.0
3室1厅,海宇公寓 ,109.34,369.0,33748.0
2室2厅,天悦花园 ,86.64,247.0,28509.0
3室2厅,凯悦天琴花园 ,103.04,439.0,42605.0
2室2厅,南京恒大绿洲 ,89.42,260.0,29077.0
3室2厅,文化名园烟波阁 ,119.2,340.0,28524.0
2室1厅,锦绣花园紫桂园 ,74.62,165.0,22113.0
3室2厅,文化名园烟波阁 ,119.2,340.0,28524.0
3室2厅,幸福美地花园 ,110.02,220.0,19997.0
2室2厅,钟山花园城山水居 ,93.7,397.0,42370.0
2室2厅,天元瑞沨名苑 ,89.07,236.0,26497.0
3室2厅,钟山晶典苑 ,123.78,378.0,30539.0
2室1厅,四卫头小区 ,59.9,200.0,33389.0
3室2厅,威尼斯水城第八街区 ,134.36,460.0,34237.0
4室2厅,百家湖西花园巴黎城 ,149.2,498.0,33379.0
2室2厅,宇秦园 ,78.71,240.0,30492.0
4室2厅,金地名京 ,186.92,960.0,51359.0
3室1厅,利民东村 ,60.28,155.0,25714.0
2室1厅,火瓦巷 ,60.87,240.0,39429.0
3室1厅,莺虹苑 ,81.09,203.0,25034.0
2室2厅,蔚蓝之都 ,128.44,495.0,38540.0
3室2厅,托乐嘉友邻居 ,106.35,325.0,30560.0
3室2厅,月光广场 ,108.03,375.0,34713.0
2室2厅,南方花园枫彩园 ,90.02,242.0,26883.0
3室2厅,天地新城天柱座 ,103.52,255.0,24633.0
2室1厅,燕江园小区 ,50.99,113.8,22319.0
2室1厅,虹苑新寓一村 ,66.68,200.0,29995.0
2室1厅,清溪路4号 ,51.67,152.0,29418.0
2室1厅,卫岗26号小区 ,61.62,155.0,25155.0
3室1厅,翠屏国际广场苑 ,100.11,270.0,26971.0
2室1厅,开园 ,61.11,193.0,31583.0
2室2厅,亚东国际公寓 ,89.38,340.0,38040.0
2室2厅,百家湖国际花园 ,78.12,230.0,29442.0
2室1厅,凤凰二村 ,48.23,165.0,34212.0
3室1厅,丹凤街 ,62.23,169.0,27158.0
3室1厅,丹凤街 ,62.23,169.0,27158.0
2室2厅,威尼斯水城第十街区 ,85.94,205.0,23854.0
3室1厅,天润城第十街区 ,124.4,275.0,22107.0
3室2厅,天润城第十一街区 ,88.6,195.0,22010.0
3室2厅,梅花山庄湖畔之星 ,132.37,475.0,35885.0
2室1厅,安康村 ,49.17,165.0,33558.0
4室2厅,亚东城东区 ,146.3,565.0,38620.0
2室1厅,市政天元城 ,64.24,175.0,27242.0
1室1厅,中海凯旋门 ,42.63,145.0,34014.0
2室1厅,小火瓦巷 ,56.27,208.0,36965.0
3室2厅,中海凯旋门 ,87.65,325.0,37080.0
2室1厅,江岸水城 ,81.68,174.0,21303.0
3室2厅,春江新城饮溪坊 ,106.64,250.0,23444.0
3室2厅,武夷绿洲品茗苑 ,97.28,282.0,28989.0
2室2厅,明月港湾星河湾 ,88.6,240.0,27089.0
3室2厅,天润城第八街区 ,118.78,268.0,22563.0
3室1厅,新门口 ,63.32,170.0,26848.0
2室1厅,四方新村六村 ,62.67,166.0,26488.0
3室2厅,武夷绿洲品茗苑 ,110.5,315.0,28507.0
3室2厅,虎踞关43号 ,85.38,398.0,46616.0
2室1厅,锁金三村 ,61.59,180.0,29226.0
3室1厅,腾飞园 ,73.56,280.0,38065.0
3室2厅,江岸水城 ,120.87,215.0,17788.0
3室2厅,威尼斯水城第三街区 ,130.43,255.0,19551.0
2室1厅,安康村 ,54.52,165.0,30265.0
3室2厅,育才公寓 ,68.18,458.0,67176.0
3室2厅,大华锦绣华城榴美颂 ,122.32,292.0,23872.0
3室2厅,明月港湾翠堤湾 ,120.53,295.0,24476.0
4室2厅,仁恒翠竹园 ,161.13,680.0,42202.0
6室2厅,富康新村 ,50.38,159.0,31561.0
3室2厅,银城西堤国际二区 ,136.24,680.0,49912.0
4室1厅,枫丹白露白露新寓 ,111.78,412.0,36859.0
1室1厅,玉带园 ,44.5,126.0,28315.0
2室1厅,天目路 ,60.24,540.0,89642.0
3室2厅,天润城第十四街区 ,85.91,198.0,23048.0
2室1厅,紫气钟山 ,63.73,220.0,34521.0
3室2厅,武夷绿洲品茗苑 ,128.61,345.0,26826.0
4室2厅,万达江南明珠 ,129.63,385.0,29700.0
3室2厅,颐和南园 ,171.72,420.0,24459.0
2室2厅,威尼斯水城第四街区 ,92.74,208.0,22429.0
3室1厅,凤凰西街269-275号 ,72.85,238.0,32670.0
2室1厅,东升村 ,85.03,288.0,33871.0
3室2厅,天润城第十三街区 ,86.64,192.0,22161.0
3室2厅,东郊小镇第一街区 ,107.33,198.0,18448.0
3室2厅,翠屏湾花园城 ,132.99,318.0,23912.0
3室1厅,文安里小区北区 ,69.99,185.0,26433.0
5室2厅,翠屏东南 ,183.86,458.0,24911.0
3室2厅,水月秦淮 ,135.67,330.0,24324.0
2室2厅,市政天元城 ,94.53,270.0,28563.0
2室2厅,金基月亮湾 ,89.36,365.0,40847.0
4室2厅,天润城第九街区 ,144.88,315.0,21743.0
3室2厅,莫愁花园牡丹里 ,144.15,440.0,30524.0
3室2厅,明月港湾翠堤湾 ,105.32,275.0,26111.0
2室2厅,和燕花苑 ,78.27,199.0,25425.0
3室2厅,御林山庄 ,109.17,305.0,27939.0
4室2厅,阅城国际花园怡然园 ,149.7,615.0,41083.0
3室2厅,真园 ,65.26,195.0,29881.0
4室2厅,南京恒大绿洲 ,147.66,408.0,27632.0
3室1厅,华隆新寓一村 ,87.94,290.0,32978.0
2室2厅,随园 ,71.67,236.0,32929.0
3室2厅,百家湖西花园伦敦城 ,98.27,266.0,27069.0
3室1厅,典雅居 ,92.8,350.0,37716.0
2室2厅,金基汇锦国际 ,49.79,280.0,56237.0
3室2厅,金城丽景南区 ,122.68,300.0,24454.0
3室1厅,新河一村 ,99.35,420.0,42275.0
2室1厅,银城花园北片 ,63.56,295.0,46413.0
2室1厅,四方新村七村 ,49.48,139.0,28093.0
2室1厅,日光广场 ,73.55,155.0,21075.0
2室2厅,阳光之旅 ,93.8,190.0,20256.0
2室2厅,威尼斯水城第十街区 ,84.7,190.0,22433.0
2室1厅,小火瓦巷 ,78.7,340.0,43203.0
2室1厅,王府园小区 ,46.33,166.0,35830.0
3室1厅,阳光里 ,76.59,225.0,29378.0
3室2厅,东郊小镇第二街区 ,91.14,177.0,19421.0
2室1厅,马府新村 ,57.21,180.0,31464.0
2室1厅,海宇公寓 ,61.22,210.0,34303.0
2室2厅,莱茵东郡 ,95.99,250.0,26045.0
2室1厅,场门口小区14号 ,49.28,183.0,37135.0
2室2厅,万科金色里程 ,72.26,225.0,31138.0
3室2厅,迎春苑 ,92.25,275.0,29811.0
2室2厅,大地伊丽雅特湾 ,81.84,259.0,31648.0
2室2厅,威尼斯水城第七街区 ,87.54,198.0,22619.0
2室2厅,湖景花园 ,113.47,420.0,37015.0
3室2厅,阅城国际花园悠然园 ,116.57,465.0,39891.0
2室1厅,百合果园 ,95.03,410.0,43145.0
2室2厅,东郊小镇第三街区 ,78.81,168.0,21318.0
3室2厅,天润城第十四街区 ,86.23,218.0,25282.0
2室2厅,阳光之旅 ,69.86,152.0,21758.0
2室1厅,菊花新村三村 ,58.19,150.0,25778.0
2室1厅,清河新寓一村 ,59.95,420.0,70059.0
2室2厅,威尼斯水城第七街区 ,87.54,198.0,22619.0
3室2厅,太平洋大厦 ,120.12,340.0,28306.0
2室1厅,爱达花园兰花园 ,63.96,176.0,27518.0
2室2厅,华保新寓 ,64.5,238.0,36900.0
3室2厅,天润城第十街区 ,125.8,270.0,21463.0
4室2厅,天地新城天柱座 ,150.25,420.0,27954.0
3室2厅,威尼斯水城第一街区 ,114.38,245.0,21420.0
3室2厅,旭日爱上城第三区 ,88.3,230.0,26048.0
4室2厅,西苑阳光翠庭 ,106.82,230.0,21532.0
3室1厅,棉鞋营小区 ,67.44,230.0,34105.0
2室2厅,天润城第九街区 ,81.68,188.0,23017.0
2室1厅,墨香山庄 ,77.46,215.0,27757.0
3室2厅,月安花园揽月居 ,138.06,540.0,39114.0
3室2厅,中和园 ,88.26,323.0,36597.0
3室1厅,万达西地一期 ,117.97,440.0,37298.0
2室2厅,钟山山庄 ,75.99,208.0,27373.0
3室2厅,金马郦城西区 ,128.0,545.0,42579.0
4室1厅,王府国际花园 ,151.04,710.0,47008.0
3室1厅,新河二村 ,68.3,285.0,41728.0
2室1厅,辰龙绿苑西苑 ,78.87,480.0,60860.0
2室1厅,银城花园北片 ,50.46,249.0,49347.0
3室2厅,天润城第十街区 ,90.38,210.0,23236.0
2室1厅,新城市广场 ,58.31,290.0,49735.0
3室2厅,胜泰新寓 ,125.84,268.0,21297.0
2室2厅,阳光之旅 ,93.85,188.0,20032.0
3室1厅,春江新城沁顺坊 ,84.79,218.0,25711.0
3室2厅,新城市广场 ,57.9,305.0,52678.0
3室1厅,云谷山庄 ,88.98,265.0,29782.0
2室2厅,东渡国际青年城 ,77.73,216.0,27789.0
2室1厅,雨花新村四村 ,44.9,120.0,26727.0
2室1厅,雨花新村四村 ,44.9,120.0,26727.0
2室2厅,大华锦绣华城香榭美颂 ,89.47,225.0,25149.0
2室2厅,宇秦园 ,79.67,243.0,30501.0
3室1厅,土壤研究所 ,88.69,575.0,64833.0
2室2厅,银城东苑毓秀苑 ,95.82,390.0,40702.0
3室1厅,武夷绿洲观竹苑 ,100.2,280.0,27945.0
3室1厅,高教新村 ,95.86,345.0,35990.0
2室1厅,明月港湾月亮湾 ,71.77,210.0,29261.0
3室2厅,南京恒大绿洲 ,149.15,390.0,26149.0
5室2厅,枫丹白露水秀花园 ,185.14,820.0,44291.0
5室2厅,世茂滨江新城 ,305.0,1100.0,36066.0
2室1厅,达美广场 ,106.02,320.0,30183.0
2室1厅,经纬城市花园小区 ,63.3,184.0,29068.0
2室2厅,华汇康城 ,84.16,183.0,21745.0
2室1厅,雨花西路 ,73.21,230.0,31417.0
3室2厅,明发滨江新城一期 ,124.23,260.0,20929.0
2室1厅,虹苑新寓一村 ,55.51,157.0,28284.0
3室2厅,雯锦雅苑 ,117.98,345.0,29243.0
3室1厅,樱铁村小区 ,72.07,175.0,24282.0
3室2厅,诚品城 ,99.02,293.0,29590.0
4室2厅,明发滨江新城三期 ,138.01,283.0,20506.0
3室2厅,华汇康城 ,126.0,245.0,19445.0
3室2厅,清江花苑明月园 ,96.97,449.0,46303.0
2室2厅,武夷绿洲观竹苑 ,68.52,196.0,28605.0
3室2厅,挪威森林 ,119.81,326.0,27210.0
3室1厅,长虹路310号 ,68.28,165.0,24166.0
2室1厅,铁路南街 ,62.04,168.0,27080.0
2室1厅,莫愁新寓荷花里 ,48.63,170.0,34958.0
2室1厅,金陵村 ,67.89,168.0,24746.0
3室2厅,华意泰富花苑 ,120.51,309.0,25642.0
2室1厅,凤凰西街229号 ,57.23,169.0,29530.0
3室2厅,春光里 ,86.86,258.0,29703.0
3室2厅,奥体新城翠杉园 ,116.06,590.0,50836.0
2室1厅,武夷绿洲赏桂苑 ,78.6,210.0,26718.0
2室1厅,铁路南街 ,62.04,168.0,27080.0
2室1厅,莫愁花园牡丹里 ,55.52,182.0,32781.0
2室1厅,营苑西村 ,65.45,165.0,25211.0
1室1厅,南方花园B组团 ,42.12,115.0,27303.0
2室1厅,贡园 ,60.84,175.0,28764.0
2室1厅,怡康新寓 ,61.2,208.0,33987.0
3室2厅,美林东苑 ,141.04,415.0,29425.0
2室2厅,香缇丽舍 ,93.67,308.0,32882.0
4室2厅,瀛洲湾 ,145.92,325.0,22273.0
4室2厅,鼓楼街5号 ,143.87,576.0,40037.0
2室2厅,美达浅草明苑 ,90.59,305.0,33669.0
3室2厅,银城聚锦园 ,85.96,599.0,69684.0
2室1厅,力联大厦 ,97.61,340.0,34833.0
2室1厅,玉塘村南 ,56.03,163.0,29092.0
3室1厅,翠屏湾花园城 ,79.74,200.0,25082.0
2室1厅,清凉门小区 ,47.68,250.0,52433.0
2室1厅,沿河三村 ,56.92,155.0,27232.0
2室1厅,台园 ,63.69,162.0,25436.0
2室1厅,金碧花园 ,75.37,185.0,24546.0
2室1厅,澄园 ,77.92,275.0,35293.0
2室2厅,亚都天元居 ,87.65,265.0,30234.0
2室2厅,左邻右里 ,86.75,285.0,32854.0
2室2厅,白鹭东苑 ,91.75,260.0,28338.0
2室1厅,港龙园 ,65.31,205.0,31389.0
3室2厅,明发滨江新城三期 ,89.49,220.0,24584.0
2室1厅,高虹苑 ,61.37,178.0,29005.0
3室2厅,明发滨江新城三期 ,89.49,220.0,24584.0
3室1厅,紫萝苑 ,78.3,195.0,24905.0
3室2厅,明城华贵园 ,133.18,428.0,32137.0
3室1厅,板仓街78号 ,77.01,223.0,28958.0
3室2厅,思园 ,111.85,365.0,32633.0
2室1厅,华保新寓 ,51.62,205.0,39714.0
4室1厅,凤凰花园城静幽园 ,136.76,520.0,38023.0
2室1厅,东郊小镇第四街区 ,38.06,110.0,28902.0
1室1厅,华保新寓 ,42.74,165.0,38606.0
2室1厅,豆腐坊 ,49.19,150.0,30495.0
3室2厅,江岸水城 ,117.33,213.0,18154.0
2室1厅,阳光广场 ,92.14,318.0,34513.0
2室2厅,赛世香樟园 ,90.91,285.0,31350.0
2室1厅,金粟庵路 ,48.33,145.0,30003.0
3室2厅,苏建艳阳居 ,121.26,440.0,36286.0
3室1厅,长虹路后街 ,66.73,186.0,27874.0
1室2厅,世茂滨江新城 ,98.3,340.0,34588.0
3室1厅,水关桥 ,86.0,190.0,22094.0
2室1厅,板仓街49号 ,63.76,180.0,28231.0
2室2厅,万达西地一期 ,80.82,362.0,44791.0
2室2厅,丹佛小镇 ,66.89,180.0,26910.0
3室2厅,海润枫景家园 ,101.62,185.0,18206.0
4室2厅,梅花山庄园中苑 ,156.37,580.0,37092.0
3室2厅,天华绿谷庄园 ,90.59,190.0,20974.0
2室1厅,东井村3号 ,57.5,162.0,28174.0
2室2厅,天地新城天玑座 ,85.52,225.0,26310.0
3室2厅,德基紫金南苑 ,114.02,438.0,38415.0
2室1厅,营苑西村 ,47.59,110.0,23115.0
2室2厅,天润城第五街区 ,90.07,193.0,21428.0
3室1厅,紫藤苑 ,88.47,218.0,24642.0
3室2厅,天悦花园 ,102.05,270.0,26458.0
2室1厅,营苑西村 ,47.59,110.0,23115.0
2室2厅,天地新城天玑座 ,85.52,225.0,26310.0
3室1厅,华阳佳园华彩苑 ,88.33,330.0,37360.0
3室2厅,红森公寓 ,104.57,320.0,30602.0
3室1厅,樱驼花园永康园 ,69.95,190.0,27163.0
3室2厅,兴元嘉园 ,110.35,535.0,48483.0
2室2厅,南方花园A组团 ,76.41,193.0,25259.0
3室2厅,时光澔韵 ,125.0,437.5,35000.0
2室1厅,小杨村小区 ,58.36,180.0,30844.0
2室2厅,明月港湾翠堤湾 ,83.51,216.0,25866.0
3室2厅,良城美景家园 ,99.77,299.0,29969.0
2室1厅,凤虹苑 ,49.91,150.0,30055.0
3室2厅,瀛洲湾 ,146.97,320.0,21774.0
3室2厅,仁恒翠竹园 ,130.93,530.0,40480.0
3室2厅,东山步行街 ,90.04,255.0,28321.0
2室2厅,邮政世纪花园 ,74.91,470.0,62742.0
3室2厅,天都芳庭 ,133.54,410.0,30703.0
5室2厅,枫情国度尚园 ,154.48,425.0,27512.0
7室2厅,秦淮绿洲 ,203.48,708.0,34795.0
3室2厅,良城美景家园 ,100.16,325.0,32449.0
2室2厅,水月秦淮 ,95.33,265.0,27799.0
2室1厅,燕禾园 ,81.67,225.0,27550.0
2室1厅,良城美景家园 ,88.15,305.0,34601.0
4室2厅,万科光明城市东苑 ,166.01,780.0,46986.0
3室2厅,威尼斯水城第一街区 ,107.22,245.0,22851.0
2室2厅,阅城国际花园悠然园 ,91.72,378.0,41213.0
2室2厅,凯悦天琴花园 ,112.27,460.0,40973.0
3室2厅,合班村122号 ,106.59,270.0,25331.0
4室2厅,漫城名苑 ,153.72,640.0,41635.0
3室1厅,珠江路 ,87.19,255.0,29247.0
2室1厅,莫愁花园海棠里 ,49.07,170.0,34645.0
2室2厅,德基紫金南苑 ,90.33,346.0,38304.0
2室2厅,万达西地一期 ,80.86,345.0,42667.0
5室2厅,凤凰西街227号 ,82.71,270.0,32645.0
2室1厅,转龙巷 ,67.86,205.0,30210.0
3室1厅,朝天宫西街98号 ,66.09,215.0,32532.0
3室2厅,凯悦天琴花园 ,134.85,588.0,43605.0
2室2厅,金地苑 ,67.1,215.0,32042.0
3室2厅,时代雅居 ,98.93,240.0,24260.0
2室2厅,翠屏湾花园城 ,82.48,190.0,23036.0
4室2厅,文化名园腾龙阁 ,167.06,460.0,27536.0
3室2厅,水月秦淮 ,133.59,288.0,21559.0
3室1厅,月光广场 ,108.06,380.0,35166.0
3室2厅,湖滨世纪花园 ,116.68,268.0,22969.0
3室2厅,市政天元城 ,125.31,330.0,26335.0
3室2厅,翠屏东南 ,124.72,330.0,26460.0
2室2厅,大邦紫云阁 ,91.61,320.0,34931.0
2室1厅,省电力公司宿舍 ,52.65,128.0,24312.0
3室2厅,陶谷新村 ,92.52,315.0,34047.0
3室1厅,康居里 ,70.42,215.0,30532.0
3室2厅,云河湾 ,125.34,508.0,40530.0
2室2厅,黄埔鑫园 ,98.73,360.0,36464.0
2室1厅,成贤街 ,58.71,298.0,50758.0
3室1厅,七里街20号 ,69.51,219.0,31507.0
3室2厅,金陵世纪花园 ,96.02,576.0,59988.0
2室1厅,张公桥小区 ,67.08,223.0,33244.0
2室1厅,东郊小镇第六街区 ,80.38,175.0,21772.0
2室1厅,黄鹂新村 ,50.41,160.0,31740.0
2室2厅,豆菜桥小区 ,56.95,158.0,27744.0
2室2厅,墨香山庄 ,105.05,305.0,29034.0
2室2厅,江岸水城 ,100.06,188.0,18789.0
3室2厅,盈家春天 ,88.47,220.0,24868.0
2室1厅,天润城第三街区 ,93.22,178.0,19095.0
2室2厅,锦绣花园丹桂园 ,90.92,183.0,20128.0
4室2厅,虹苑新寓四村 ,104.52,320.0,30617.0
2室2厅,锦绣花园丹桂园 ,86.5,178.0,20579.0
2室2厅,天润城第七街区 ,86.45,178.0,20590.0
2室2厅,南农大小区 ,66.98,255.0,38072.0
2室2厅,南方花园枫彩园 ,101.19,268.0,26485.0
2室2厅,黄埔鑫园 ,98.73,360.0,36464.0
2室1厅,成贤街 ,58.71,298.0,50758.0
2室2厅,江岸水城 ,99.05,200.0,20192.0
2室2厅,天鹅湖花园 ,79.23,216.0,27263.0
4室2厅,天地新城天玑座 ,85.55,235.0,27470.0
3室2厅,翠屏国际水杉苑 ,149.19,360.0,24131.0
3室1厅,石婆婆巷 ,60.13,188.0,31266.0
2室2厅,宋都奥体名座 ,77.0,320.0,41559.0
2室1厅,沿河二村 ,44.73,129.0,28840.0
3室1厅,鸿都大厦 ,125.91,530.0,42094.0
2室2厅,锦绣花园丹桂园 ,86.5,180.0,20810.0
1室1厅,天悦花园 ,48.38,140.0,28938.0
3室2厅,托乐嘉睦邻居 ,123.8,365.0,29484.0
3室2厅,天润城第十四街区 ,86.49,199.9,23113.0
3室2厅,诚品城 ,98.84,240.0,24282.0
3室1厅,瑞金新村 ,63.06,230.0,36474.0
1室1厅,积善新寓丰勤园 ,52.77,185.0,35058.0
2室1厅,卫岗西6号 ,51.05,155.0,30363.0
2室1厅,天润城第十二街区 ,78.78,170.0,21580.0
2室1厅,锦绣花园金桂园 ,70.74,158.0,22336.0
3室1厅,大光路50号 ,68.01,192.0,28232.0
3室2厅,江南青年城绯云苑 ,131.33,230.0,17514.0
3室1厅,金盾公寓 ,93.53,326.0,34856.0
3室2厅,翠屏湾花园城 ,128.77,259.0,20114.0
4室2厅,南京恒大绿洲 ,164.2,425.0,25884.0
2室2厅,君园 ,68.64,343.0,49971.0
2室2厅,天元吉第城 ,86.7,226.0,26067.0
3室2厅,金陵大公馆 ,143.61,630.0,43869.0
3室1厅,抄纸巷 ,77.48,263.0,33945.0
5室3厅,腾达雅苑 ,151.86,428.0,28184.0
3室1厅,今日家园丹桂居 ,94.99,360.0,37899.0
3室1厅,汉中门外大街 ,77.24,348.0,45055.0
3室2厅,名城世纪园 ,115.87,470.0,40563.0
2室2厅,西苑 ,90.48,202.0,22326.0
2室2厅,东渡新锐大厦 ,56.31,309.0,54875.0
3室2厅,阳光聚宝山庄 ,128.0,365.0,28516.0
3室2厅,曙光里 ,108.41,305.0,28134.0
4室3厅,腾达雅苑 ,147.02,428.0,29112.0
2室2厅,御水湾花园 ,89.67,355.0,39590.0
3室2厅,滨江奥城静思苑 ,133.14,560.0,42061.0
3室2厅,裕华名居 ,134.87,558.0,41374.0
3室2厅,枫情国度尚园 ,110.41,368.0,33331.0
2室1厅,紫竹林 ,53.37,150.0,28106.0
3室1厅,天平新村 ,67.43,250.0,37076.0
2室1厅,后宰门街32号 ,60.54,187.0,30889.0
3室2厅,明发滨江新城三期 ,130.85,305.0,23310.0
3室2厅,东郊小镇第三街区 ,103.69,220.0,21218.0
2室1厅,芳草园 ,63.04,450.0,71384.0
2室2厅,江岸水城 ,79.6,165.0,20729.0
2室2厅,东城水岸 ,99.3,392.0,39477.0
2室2厅,托乐嘉贵邻居 ,85.9,265.0,30850.0
3室2厅,亲水湾花园 ,102.88,279.0,27119.0
2室1厅,景明佳园映景苑 ,73.62,186.0,25265.0
3室2厅,馨怡园 ,113.94,330.0,28963.0
2室2厅,香缇丽舍 ,91.04,289.0,31745.0
2室2厅,威尼斯水城第十街区 ,93.56,198.0,21163.0
3室2厅,威尼斯水城第十街区 ,87.07,210.0,24119.0
2室2厅,丹佛小镇 ,77.08,190.0,24650.0
2室2厅,托乐嘉贵邻居 ,76.58,235.0,30687.0
2室2厅,银轮花园 ,70.18,280.0,39898.0
3室1厅,龙福花园 ,77.54,216.0,27857.0
2室2厅,云锦美地丽云居 ,92.0,359.0,39022.0
2室2厅,名城世纪园 ,65.91,248.0,37628.0
4室2厅,云燕园小区 ,87.65,275.0,31375.0
4室3厅,江南青年城翠湾苑 ,156.61,320.0,20433.0
4室2厅,阳光雅居 ,131.49,290.0,22055.0
3室2厅,文化名园上筑园 ,104.48,332.0,31777.0
3室1厅,白云新寓 ,70.69,172.0,24332.0
3室2厅,金虹花园 ,109.97,372.0,33828.0
3室2厅,雯锦雅苑 ,117.06,330.0,28191.0
2室2厅,佳盛花园 ,83.34,235.0,28198.0
3室2厅,华阳佳园华明苑 ,124.06,466.0,37563.0
5室2厅,明发滨江新城三期 ,176.08,350.0,19878.0
3室2厅,天泓山庄竹山苑 ,133.1,430.0,32307.0
2室1厅,爱达花园兰花园 ,66.11,185.0,27984.0
3室2厅,翠屏国际广场苑 ,110.34,308.0,27914.0
3室1厅,翠岛花城柳丝苑 ,118.83,410.0,34504.0
2室1厅,樱驼花园跃新园 ,60.98,172.0,28206.0
4室2厅,文化名园云水苑 ,190.44,570.0,29931.0
2室2厅,南城美境 ,84.21,275.0,32657.0
3室2厅,天润城第十四街区 ,89.32,200.0,22392.0
3室1厅,月苑综合楼 ,76.16,208.0,27311.0
3室2厅,湖滨世纪花园 ,116.68,275.0,23569.0
2室1厅,建设新村 ,63.65,240.0,37707.0
2室2厅,墨香山庄 ,92.67,290.0,31294.0
2室2厅,银城东苑东篱苑 ,102.79,435.0,42320.0
3室2厅,御水湾花园 ,120.97,465.0,38440.0
2室1厅,广州路41号 ,59.55,185.0,31067.0
2室1厅,雍园 ,61.59,220.0,35721.0
2室2厅,城开家园 ,99.63,355.0,35632.0
2室2厅,苏宁馨瑰园 ,90.73,485.0,53456.0
2室2厅,钟山晶典苑 ,86.79,282.0,32493.0
2室1厅,定淮门大街 ,55.83,265.0,47466.0
3室2厅,明华清园 ,152.22,750.0,49271.0
3室1厅,樱驼花园颂和园 ,80.77,240.0,29715.0
2室1厅,金陵村 ,52.37,112.0,21387.0
3室2厅,明发滨江新城二期 ,118.99,275.0,23112.0
3室1厅,北苑一村 ,67.0,200.0,29851.0
3室2厅,金蕊家苑 ,105.81,338.0,31945.0
1室1厅,马府新村 ,41.22,128.0,31053.0
2室1厅,石门坎2号 ,63.68,178.0,27953.0
2室2厅,金东城雅居 ,80.56,210.0,26068.0
2室2厅,润富花园 ,90.67,182.0,20073.0
3室1厅,上海路新村 ,72.08,210.0,29135.0
3室2厅,欧洲城凯旋丽都花园 ,112.22,490.0,43665.0
2室2厅,锦绣花园金桂园 ,71.79,165.0,22984.0
2室1厅,凤凰西街269-275号 ,49.18,190.0,38634.0
2室1厅,威尼斯水城第八街区 ,70.66,200.0,28305.0
3室2厅,阅城国际花园怡然园 ,129.36,540.0,41744.0
3室2厅,天成苑 ,119.29,417.0,34957.0
3室2厅,凯悦天琴花园 ,139.63,535.0,38316.0
2室1厅,清河新寓二村 ,59.97,398.0,66367.0
2室2厅,百家湖国际花园 ,101.06,256.0,25332.0
3室2厅,后标营28号 ,97.19,350.0,36012.0
3室2厅,东渡国际青年城 ,102.31,298.0,29128.0
3室1厅,华安新村 ,65.57,232.0,35383.0
3室1厅,安怀新村 ,63.74,160.0,25102.0
3室1厅,三步两桥 ,95.53,315.0,32974.0
3室2厅,弘阳旭日上城一区 ,112.79,260.0,23052.0
3室2厅,托乐嘉贵邻居 ,87.29,289.0,33109.0
2室0厅,凤凰街84号 ,54.28,210.0,38689.0
3室1厅,安将军巷 ,65.19,219.0,33595.0
2室1厅,华电一宿舍 ,64.79,152.0,23461.0
3室1厅,爱达花园兰花园 ,85.7,265.0,30922.0
3室2厅,锦绣花园丹桂园 ,116.89,260.0,22244.0
4室2厅,翠屏清华园 ,195.36,395.0,20220.0
3室2厅,东郊小镇第二街区 ,113.21,195.0,17225.0
4室2厅,良城美景家园 ,192.31,680.0,35360.0
5室2厅,怡康新寓 ,149.16,390.0,26147.0
2室2厅,融侨中央花园2期 ,90.79,385.0,42406.0
3室2厅,江东北路 ,83.49,420.0,50306.0
2室1厅,营苑西村 ,80.99,208.0,25683.0
2室1厅,富贵园公寓 ,67.4,215.0,31900.0
2室1厅,四方新村六村 ,75.49,158.0,20930.0
2室1厅,定淮门大街 ,76.54,295.0,38542.0
2室2厅,新亭路182号 ,75.08,181.0,24108.0
2室1厅,来凤街 ,55.46,162.0,29211.0
2室1厅,营苑新寓 ,69.33,162.0,23367.0
2室1厅,金陵村 ,67.33,163.0,24210.0
3室1厅,东城水岸 ,108.95,438.0,40202.0
4室1厅,东方城晨曦园 ,156.54,500.0,31941.0
3室2厅,怡馨花园 ,107.26,347.0,32352.0
3室2厅,亚东城西区 ,107.62,366.0,34009.0
2室2厅,凤凰和美 ,88.93,338.0,38008.0
3室2厅,万科金色领域 ,89.04,292.0,32795.0
2室1厅,威尼斯水城第五街区 ,91.38,198.0,21668.0
3室1厅,芳草园 ,95.03,502.0,52826.0
3室2厅,南京恒大绿洲 ,94.79,288.0,30383.0
3室2厅,诚品城 ,90.49,243.0,26854.0
3室2厅,保利罗兰香谷 ,94.72,277.0,29245.0
3室1厅,演武新村 ,65.56,198.0,30202.0
3室1厅,汉口路 ,76.79,293.7,38248.0
3室1厅,洪武路 ,65.58,210.0,32022.0
3室2厅,旭日景城 ,104.25,346.0,33190.0
2室2厅,威尼斯水城第一街区 ,95.94,215.0,22410.0
2室1厅,蒋王庙街14号 ,55.09,134.0,24324.0
3室2厅,合家春天 ,101.7,255.0,25074.0
3室2厅,九九公寓 ,114.97,465.0,40446.0
2室2厅,馨怡园 ,92.97,280.0,30118.0
1室1厅,钓鱼巷小区 ,45.87,130.0,28341.0
2室1厅,文体西村 ,58.23,175.0,30054.0
2室1厅,芝嘉花园 ,64.89,150.0,23117.0
2室1厅,常府街 ,57.42,185.0,32219.0
3室1厅,东郊小镇第四街区 ,48.53,135.0,27818.0
3室1厅,左岸名苑月桂阁 ,136.68,390.0,28534.0
2室2厅,爱达花园兰花园 ,64.0,180.0,28125.0
2室2厅,金舟花园 ,68.39,365.0,53371.0
3室2厅,幸福美地花园 ,90.74,190.0,20939.0
2室1厅,高教新村 ,78.02,275.0,35248.0
2室1厅,秦淮教师公寓 ,71.04,206.0,28998.0
2室1厅,北苑之星花园 ,86.72,290.0,33441.0
2室2厅,御水湾花园 ,60.55,288.0,47564.0
3室2厅,合家春天 ,101.7,265.0,26058.0
3室2厅,江南名府 ,114.1,440.0,38563.0
3室2厅,江南名府 ,126.06,465.0,36888.0
4室2厅,天地新城天心座 ,158.55,320.0,20183.0
5室2厅,月牙湖花园 ,180.57,628.0,34779.0
5室2厅,凤凰西街152号 ,92.7,380.0,40993.0
3室2厅,金信花园 ,138.01,598.0,43331.0
5室2厅,金陵尚府 ,232.19,930.0,40054.0
3室1厅,北苑二村 ,92.59,259.0,27973.0
2室2厅,金湾花园 ,90.84,373.0,41062.0
3室2厅,四方新村二村 ,111.66,265.0,23733.0
3室2厅,东郊小镇第三街区 ,117.14,240.0,20489.0
2室2厅,百家湖西花园伦敦城 ,86.04,248.0,28824.0
4室3厅,锦绣花园紫桂园 ,145.29,245.0,16863.0
3室2厅,阳光广场 ,126.1,420.0,33307.0
2室2厅,中浩学府风景 ,81.73,180.0,22024.0
3室1厅,锦绣花园丹桂园 ,86.68,169.0,19498.0
3室1厅,天润城第十四街区 ,86.54,197.0,22765.0
3室2厅,阳光嘉园 ,126.31,410.0,32460.0
2室2厅,明月港湾月亮湾 ,89.72,235.0,26193.0
3室2厅,世纪东山 ,110.11,260.0,23613.0
2室2厅,康盛花园 ,101.43,350.0,34507.0
3室2厅,煤炭设计院小区 ,100.63,208.0,20670.0
3室2厅,黄埔鑫园 ,107.62,380.0,35310.0
3室2厅,威尼斯水城第八街区 ,109.97,258.0,23461.0
3室2厅,华汇康城 ,117.92,232.0,19675.0
3室1厅,百合果园 ,92.64,400.0,43178.0
2室2厅,观城 ,65.15,268.0,41136.0
2室1厅,观城 ,79.14,315.0,39803.0
2室2厅,丹佛小镇 ,77.24,197.0,25505.0
2室1厅,四方新村一村 ,61.21,170.0,27774.0
2室2厅,天润城第六街区 ,89.35,179.0,20034.0
1室1厅,话园 ,38.37,120.0,31275.0
3室2厅,嘉景苑 ,130.97,710.0,54211.0
2室1厅,老虎桥 ,76.95,396.0,51462.0
3室2厅,佳盛花园 ,96.8,263.0,27170.0
3室2厅,虹苑新寓三村 ,64.49,226.0,35045.0
2室2厅,北晨雅居 ,87.59,185.0,21122.0
3室1厅,花园路15号 ,92.33,267.0,28919.0
2室2厅,威尼斯水城第六街区 ,82.62,190.0,22997.0
2室2厅,威尼斯水城第十街区 ,85.99,200.0,23259.0
3室2厅,明月港湾翠堤湾 ,100.07,275.0,27481.0
2室2厅,金陵名人居 ,112.92,475.0,42066.0
3室2厅,江南青年城翠湾苑 ,106.26,238.0,22398.0
3室1厅,港口小区 ,86.02,190.0,22088.0
2室2厅,天润城第十二街区 ,88.9,200.0,22498.0
3室2厅,明月港湾彩云湾 ,106.06,270.0,25458.0
2室1厅,东福金座 ,87.48,180.0,20577.0
2室1厅,云谷山庄 ,68.0,206.0,30295.0
3室2厅,旭日景城 ,166.49,490.0,29432.0
4室2厅,碧水湾花园 ,143.5,350.0,24391.0
2室2厅,威尼斯水城第七街区 ,85.02,190.0,22348.0
2室2厅,名城世家花园 ,81.98,280.0,34155.0
2室1厅,兴贤佳园 ,70.36,166.0,23593.0
4室3厅,翠屏湾花园城 ,111.88,310.0,27709.0
3室2厅,挪威森林 ,98.91,276.0,27905.0
2室2厅,名嘉佳园小区 ,78.63,221.0,28107.0
2室2厅,蔚蓝之都 ,130.16,430.0,33037.0
6室2厅,映山菁华 ,140.92,498.0,35340.0
3室2厅,天润城第十一街区 ,88.59,217.0,24495.0
3室2厅,御道家园 ,132.26,550.0,41585.0
2室2厅,红森公寓 ,89.48,265.0,29616.0
3室1厅,北祖师庵 ,60.21,145.0,24083.0
3室2厅,文荟福邸 ,104.0,230.0,22116.0
6室3厅,叠彩丽庭 ,126.34,660.0,52240.0
3室1厅,钓鱼巷小区 ,75.74,206.0,27199.0
5室2厅,东郊小镇第三街区 ,141.81,248.0,17489.0
2室1厅,石头城新村 ,46.55,142.0,30505.0
2室1厅,腾飞园 ,60.74,186.0,30623.0
3室2厅,赛世香樟园 ,119.6,375.0,31355.0
3室1厅,公园路44号 ,68.55,215.0,31364.0
3室1厅,兴贤佳园 ,69.81,160.0,22920.0
3室2厅,东方城初阳园 ,96.86,315.0,32522.0
3室1厅,佳盛花园 ,82.4,263.0,31918.0
3室1厅,万科金域蓝湾 ,117.77,420.0,35663.0
3室2厅,威尼斯水城第七街区 ,118.63,258.0,21749.0
2室1厅,清凉山庄 ,72.36,280.0,38696.0
1室1厅,凤鸣苑 ,42.42,133.0,31354.0
2室1厅,华电新村 ,51.14,130.0,25421.0
2室1厅,四方新村五村 ,76.27,195.0,25568.0
2室1厅,康居里 ,61.38,166.0,27045.0
2室1厅,凤凰花园城静幽园 ,72.12,319.0,44232.0
4室2厅,积善新寓丰勤园 ,148.96,420.0,28196.0
2室1厅,罗汉巷 ,76.35,270.0,35364.0
2室1厅,罗汉巷 ,76.35,270.0,35364.0
4室2厅,美丽新世界金德茂花园 ,140.73,330.0,23450.0
4室2厅,天泰花园 ,158.0,275.0,17406.0
2室1厅,梅花山庄丽景苑 ,68.43,252.0,36826.0
2室1厅,营苑新寓 ,45.35,107.0,23595.0
2室2厅,紫气钟山 ,66.22,220.0,33223.0
5室3厅,庆园 ,202.82,568.0,28006.0
2室1厅,弓箭坊小区 ,70.56,198.0,28062.0
3室2厅,赛世香樟园 ,110.39,355.0,32159.0
2室1厅,北苑一村 ,71.76,195.0,27174.0
2室2厅,碧水湾花园 ,80.9,210.0,25958.0
2室1厅,琥珀巷高层小区 ,71.23,250.0,35098.0
3室2厅,龙蟠花苑南园 ,127.4,399.0,31319.0
2室2厅,天润城第十街区 ,81.06,183.6,22650.0
2室1厅,御河新村 ,51.26,185.0,36091.0
2室1厅,爱达花园兰花园 ,64.0,168.0,26250.0
2室1厅,煤炭设计院小区 ,61.93,142.0,22930.0
3室1厅,小火瓦巷 ,67.72,245.0,36179.0
2室1厅,五福巷 ,49.89,145.0,29064.0
3室2厅,碧水湾西园 ,109.44,280.0,25585.0
3室2厅,银河湾紫苑 ,104.35,240.0,23000.0
2室2厅,天华硅谷 ,88.81,196.0,22070.0
4室2厅,广兴花园 ,135.94,308.0,22658.0
4室2厅,芙蓉园 ,125.86,289.0,22963.0
2室1厅,热河南路 ,69.11,194.0,28072.0
4室2厅,桥北花苑 ,132.83,266.0,20026.0
3室1厅,揽月山庄 ,102.78,190.0,18487.0
2室1厅,月光广场 ,92.17,310.0,33634.0
2室1厅,铁匠营 ,49.14,145.0,29508.0
3室2厅,天润城第八街区 ,91.58,202.0,22058.0
3室2厅,21世纪现代城 ,135.5,335.0,24724.0
2室1厅,金陵新九村 ,70.91,165.0,23269.0
3室1厅,剑阁路 ,87.07,696.0,79936.0
2室2厅,龙凤花园腾龙里 ,89.0,420.0,47192.0
3室2厅,江岸水城 ,89.11,192.0,21547.0
3室2厅,时代雅居 ,122.73,298.0,24281.0
2室2厅,江岸水城 ,83.03,178.0,21439.0
2室1厅,中心村78号 ,81.79,196.0,23964.0
2室2厅,东郊小镇第四街区 ,77.39,172.0,22226.0
2室2厅,海润枫景家园 ,86.03,173.0,20110.0
2室1厅,宏图上福园北园 ,85.83,415.0,48352.0
3室2厅,龙蟠花苑南园 ,127.4,399.0,31319.0
2室2厅,天润城第十街区 ,81.06,183.6,22650.0
2室1厅,御河新村 ,51.26,185.0,36091.0
1室1厅,和会街 ,40.99,135.0,32935.0
2室2厅,天地新城天玑座 ,85.24,219.0,25693.0
3室2厅,南航揽翠苑 ,138.66,345.0,24882.0
3室2厅,御水湾花园 ,106.53,416.0,39051.0
3室2厅,卫桥新村 ,86.9,315.0,36249.0
2室2厅,左岸名苑月桂阁 ,90.5,260.0,28730.0
2室1厅,中建八局 ,51.56,126.0,24438.0
2室1厅,华保新寓 ,64.11,237.0,36968.0
2室1厅,东郊小镇第八街区 ,45.51,115.0,25270.0
2室1厅,曹后村 ,56.09,134.0,23891.0
2室1厅,虎踞关60号 ,57.1,332.0,58144.0
4室2厅,天地新城天琴座 ,192.04,410.0,21350.0
3室2厅,东城水岸 ,132.5,528.0,39850.0
3室2厅,翰香苑 ,90.71,206.0,22710.0
2室2厅,滨江奥城听雨苑 ,107.18,465.0,43385.0
3室2厅,龙翔鸣翠苑 ,127.47,390.0,30596.0
2室2厅,滨江奥城听雨苑 ,107.18,465.0,43385.0
3室2厅,龙翔鸣翠苑 ,127.47,390.0,30596.0
2室2厅,万达江南明珠 ,93.11,310.0,33294.0
3室1厅,光华园 ,71.97,200.0,27790.0
2室2厅,天润城第十街区 ,79.59,180.0,22616.0
2室1厅,中和园 ,84.97,300.0,35307.0
3室2厅,宁和新寓 ,111.46,472.0,42348.0
2室2厅,东渡新锐大厦 ,56.31,270.0,47949.0
3室2厅,良城美景家园 ,107.03,370.0,34570.0
3室1厅,宏图上花园 ,117.21,468.0,39929.0
2室2厅,万达西地二期 ,79.9,338.0,42303.0
2室1厅,宇园 ,61.85,171.0,27648.0
2室1厅,锁金村80号 ,49.88,155.0,31075.0
2室1厅,进香河 ,62.81,275.0,43783.0
2室2厅,芙蓉园 ,66.89,170.0,25415.0
2室2厅,银河湾福苑 ,92.0,425.0,46196.0
2室2厅,弘阳旭日上城一区 ,98.16,228.0,23228.0
2室1厅,西一巷 ,49.65,180.0,36254.0
2室1厅,新河一村 ,56.03,291.0,51937.0
2室1厅,雨花新村三村 ,63.2,145.0,22944.0
2室1厅,莫愁花园牡丹里 ,71.63,252.0,35181.0
3室1厅,康定里 ,77.58,287.0,36995.0
3室2厅,威尼斯水城第七街区 ,143.57,299.0,20827.0
2室2厅,东郊小镇第四街区 ,80.29,170.0,21174.0
5室2厅,云锦美地绮云居 ,187.28,495.0,26432.0
4室2厅,南京恒大绿洲 ,167.3,408.0,24388.0
2室2厅,左邻右里 ,89.29,275.0,30799.0
3室2厅,青山湾花园 ,108.64,270.0,24853.0
3室2厅,天地新城天心座 ,115.76,350.0,30235.0
3室2厅,天润城第九街区 ,114.34,268.0,23439.0
3室2厅,嘉景苑 ,120.51,650.0,53938.0
3室1厅,黑龙江路26号 ,97.73,348.0,35609.0
4室2厅,方圆绿茵 ,161.9,400.0,24707.0
3室1厅,小杨村小区 ,72.0,270.0,37500.0
3室2厅,百家湖国际花园 ,82.15,230.0,27998.0
3室2厅,万和源居 ,122.48,490.0,40007.0
3室1厅,康润园 ,78.69,210.0,26687.0
5室2厅,凤悦天晴花园 ,207.77,350.0,16846.0
2室2厅,天润城第十街区 ,80.91,186.0,22989.0
3室2厅,天润城第九街区 ,114.34,268.0,23439.0
3室1厅,白鹭花园凤栖苑 ,80.67,260.0,32231.0
3室1厅,怡景花园 ,77.55,498.0,64217.0
5室2厅,黄埔鑫园 ,172.03,620.0,36041.0
2室2厅,东方城启明园 ,76.36,252.0,33002.0
5室4厅,梅花山庄园中苑 ,218.03,530.0,24309.0
2室2厅,蓝旗新村 ,65.47,185.0,28258.0
3室2厅,天地新城天心座 ,115.76,350.0,30235.0
3室1厅,白鹭小区新声巷 ,63.11,198.0,31374.0
2室1厅,梅花山庄丽景苑 ,68.45,250.0,36524.0
2室1厅,金陵新五村 ,50.62,130.0,25682.0
3室2厅,清江西苑 ,135.63,560.0,41289.0
3室2厅,鸿福苑 ,94.69,335.0,35379.0
4室2厅,星雨华府 ,132.78,500.0,37657.0
3室2厅,张公桥小区 ,131.98,325.0,24625.0
2室2厅,万科光明城市东苑 ,103.93,498.0,47917.0
2室2厅,天润城第十街区 ,81.96,191.0,23305.0
3室2厅,蓝岸尚城 ,59.68,215.0,36026.0
2室1厅,武定门北巷 ,51.78,158.0,30514.0
3室2厅,仙龙湾山庄 ,132.02,418.0,31662.0
2室2厅,海润枫景家园 ,77.03,155.0,20123.0
2室1厅,凤凰和美 ,89.19,340.0,38121.0
2室1厅,瑞金路二号四号小区 ,54.78,213.0,38883.0
2室2厅,白鹭东苑 ,85.12,245.0,28783.0
2室1厅,江滨新寓 ,57.59,196.0,34034.0
3室1厅,虎踞路 ,79.1,336.0,42478.0
4室2厅,苏宁千秋情缘花园 ,160.8,780.0,48508.0
2室1厅,华盛园 ,41.34,115.0,27819.0
2室1厅,健园 ,60.94,198.0,32491.0
2室2厅,武夷绿洲观竹苑 ,100.24,263.0,26238.0
1室2厅,金马郦城西区 ,49.26,199.0,40398.0
2室1厅,鼓教新村 ,67.97,218.0,32073.0
1室1厅,观城 ,63.33,253.0,39950.0
2室2厅,东渡新锐大厦 ,70.06,305.0,43535.0
3室2厅,天润城第十一街区 ,86.5,208.0,24047.0
2室2厅,威尼斯水城第四街区 ,92.0,215.0,23370.0
2室2厅,莱茵东郡 ,103.04,285.0,27660.0
3室2厅,天元吉第城 ,44.17,165.0,37356.0
2室1厅,金陵新五村 ,62.35,138.0,22134.0
3室2厅,百家湖国际花园 ,132.98,360.0,27072.0
3室1厅,紫竹林28号 ,84.93,295.0,34735.0
3室1厅,月光广场 ,124.42,368.0,29578.0
2室2厅,湖北路28号 ,64.75,175.0,27028.0
3室2厅,苏宁千秋情缘知心园 ,141.78,618.0,43589.0
3室1厅,仁恒翠竹园 ,130.94,535.0,40859.0
2室1厅,集庆路 ,51.67,160.0,30966.0
2室2厅,金贸新村 ,78.95,230.0,29133.0
2室1厅,兴贤佳园近贤苑 ,65.19,158.0,24237.0
2室2厅,御水湾花园 ,92.18,340.0,36885.0
3室1厅,典雅居 ,92.8,338.0,36423.0
3室1厅,百步坡 ,75.11,612.0,81481.0
3室2厅,采菊东篱 ,130.12,350.0,26899.0
2室1厅,森林湾花园东区 ,82.74,230.0,27798.0
3室2厅,阳光聚宝山庄 ,140.44,398.0,28340.0
2室1厅,钟山山庄 ,66.94,180.0,26890.0
3室2厅,良城美景家园 ,109.45,330.0,30151.0
3室2厅,凯悦天琴花园 ,138.44,505.0,36478.0
3室1厅,百步坡 ,75.11,612.0,81481.0
3室2厅,托乐嘉旺邻居 ,139.88,430.0,30741.0
2室2厅,黑龙江路二巷 ,77.9,200.0,25674.0
3室2厅,明月花园 ,109.96,285.0,25919.0
3室2厅,天华硅谷 ,114.39,246.0,21506.0
2室1厅,安怀村 ,63.21,148.0,23415.0
2室1厅,正泰大厦 ,95.88,238.0,24823.0
3室2厅,文化名园上筑园 ,133.72,395.0,29540.0
3室2厅,欧陆经典花园 ,145.84,360.0,24685.0
3室2厅,李府街12号 ,61.67,195.0,31620.0
3室1厅,仁恒翠竹园 ,130.94,535.0,40859.0
2室1厅,集庆路 ,51.67,160.0,30966.0
2室2厅,金贸新村 ,78.95,230.0,29133.0
2室1厅,兴贤佳园近贤苑 ,65.19,158.0,24237.0
2室2厅,御水湾花园 ,92.18,340.0,36885.0
3室1厅,典雅居 ,92.8,338.0,36423.0
2室2厅,武夷绿洲品茗苑 ,99.6,270.0,27109.0
3室1厅,凤凰西街188号 ,76.59,238.0,31075.0
3室1厅,合家春天 ,74.74,191.0,25556.0
1室1厅,丁家桥1-37号 ,39.24,122.0,31091.0
2室1厅,旭日景城 ,85.78,275.0,32059.0
2室2厅,品阁公寓 ,98.54,348.0,35316.0
2室1厅,后标营 ,58.48,163.0,27873.0
2室2厅,方圆绿茵 ,85.31,230.0,26961.0
1室1厅,新城市广场摩尔特区 ,54.28,153.0,28188.0
2室1厅,外港新村 ,61.94,170.0,27446.0
5室2厅,长阳花园 ,190.43,800.0,42011.0
3室2厅,碧水湾西园 ,109.44,280.0,25585.0
3室1厅,北苑一村 ,67.0,180.0,26866.0
2室2厅,江岸水城 ,99.3,210.0,21149.0
3室1厅,北门桥小区 ,95.62,300.0,31375.0
3室2厅,仲景公寓 ,109.53,290.0,26477.0
2室1厅,北苑一村 ,60.41,168.0,27810.0
1室0厅,托乐嘉单身公寓 ,36.52,85.0,23275.0
2室1厅,羊皮巷高层 ,60.72,212.0,34915.0
2室1厅,樱驼花园跃新园 ,56.08,158.0,28175.0
2室2厅,红山路170号 ,76.11,158.0,20760.0
2室1厅,莫愁新寓迎春里 ,52.33,175.0,33442.0
3室0厅,中央路 ,73.21,255.0,34832.0
2室1厅,二条巷 ,39.41,143.0,36286.0
3室2厅,武夷绿洲赏桂苑 ,139.23,345.0,24780.0
2室2厅,云河湾 ,65.15,268.0,41136.0
3室1厅,红花地 ,67.77,240.0,35414.0
2室2厅,四卫头小区 ,84.41,253.0,29973.0
3室2厅,良城美景家园 ,108.83,350.0,32161.0
4室2厅,枫丹白露枫丹花园 ,133.88,445.0,33239.0
1室1厅,银河湾福苑 ,51.09,210.0,41104.0
2室2厅,三山花园 ,102.86,380.0,36944.0
2室2厅,亚东国际公寓 ,76.05,282.0,37081.0
2室2厅,江佑铂庭 ,79.14,230.0,29063.0
3室1厅,百水芊城春水坊 ,105.65,232.0,21960.0
2室1厅,佳盛花园 ,61.25,173.0,28245.0
2室1厅,万达江南明珠 ,85.06,290.0,34094.0
3室2厅,赞成湖畔居 ,108.56,425.0,39149.0
3室1厅,月苑二村 ,79.66,198.0,24856.0
2室3厅,东渡新锐大厦 ,70.25,320.0,45552.0
1室1厅,美达上河明苑 ,60.63,198.0,32658.0
3室2厅,威尼斯水城第七街区 ,118.87,265.0,22294.0
3室1厅,开园 ,87.0,310.0,35633.0
2室1厅,常府街10至16号 ,50.74,175.0,34490.0
2室2厅,旭日爱上城第四区南区 ,74.25,192.0,25859.0
3室2厅,东郊小镇第二街区 ,91.12,190.0,20852.0
2室1厅,和会街 ,51.42,190.0,36951.0
2室2厅,达莱公寓 ,78.18,268.0,34280.0
2室2厅,雅居乐花园 ,96.09,440.0,45791.0
3室2厅,天元吉第城 ,106.3,270.0,25400.0
2室2厅,天润城第三街区 ,80.83,173.0,21403.0
2室1厅,姜圩路小区 ,62.68,140.0,22336.0
3室1厅,南理工小区竹园小区 ,79.81,315.0,39469.0
2室1厅,西瓜圃桥 ,47.27,128.0,27079.0
3室2厅,江南青年城蓝水苑 ,114.83,249.0,21685.0
3室2厅,诚品城 ,98.84,260.0,26306.0
2室1厅,南湾营馨康苑 ,65.27,135.0,20684.0
3室1厅,铜坊苑小区 ,85.25,205.0,24047.0
2室1厅,凤凰西街 ,54.08,172.0,31805.0
2室2厅,万达西地一期 ,74.85,316.0,42218.0
2室1厅,太平桥南 ,57.51,178.0,30952.0
1室1厅,大阳沟59号 ,39.84,105.0,26356.0
3室2厅,天润城第十街区 ,124.4,270.0,21705.0
3室2厅,天泰花园南区 ,134.15,288.0,21469.0
2室2厅,香格里拉东苑 ,104.45,440.0,42126.0
2室1厅,铁匠营 ,62.38,180.0,28856.0
1室1厅,科巷新寓 ,55.88,167.0,29886.0
3室2厅,天地新城天玑座 ,129.14,285.0,22070.0
2室1厅,台园 ,61.4,185.0,30131.0
2室1厅,建康路 ,66.82,245.0,36666.0
2室1厅,月苑四村 ,68.35,199.0,29115.0
2室2厅,天润城第十三街区 ,80.3,188.0,23413.0
3室2厅,天地新城天玑座 ,129.14,285.0,22070.0
1室1厅,科巷新寓 ,55.88,167.0,29886.0
3室2厅,银城东苑揽翠苑 ,118.55,475.0,40068.0
3室3厅,武夷绿洲赏桂苑 ,91.67,248.0,27054.0
3室2厅,明月港湾翠堤湾 ,124.31,300.0,24134.0
2室1厅,洪武大厦 ,120.53,270.0,22402.0
3室1厅,爱涛翠湖花园 ,143.6,335.0,23329.0
2室2厅,美达浅草明苑 ,90.93,265.0,29144.0
4室2厅,托乐嘉吉邻居 ,177.52,435.0,24505.0
3室2厅,鸿运嘉园 ,92.9,270.0,29064.0
3室2厅,天地新城天琴座 ,125.78,282.0,22421.0
2室1厅,旭光里 ,65.78,185.0,28125.0
2室1厅,路子铺小区 ,48.27,128.0,26518.0
2室2厅,阳光广场 ,92.21,300.0,32535.0
3室2厅,江南青年城翠湾苑 ,106.33,246.0,23136.0
2室1厅,板仓街49号 ,57.79,178.0,30802.0
3室1厅,凯润金城 ,101.76,580.0,56997.0
3室2厅,明月港湾彩云湾 ,108.58,290.0,26709.0
3室1厅,万科金色领域 ,88.28,283.0,32058.0
3室1厅,淮海新村 ,62.72,254.0,40498.0
2室1厅,东郊小镇邻里中心 ,48.82,120.0,24581.0
3室1厅,罗汉巷 ,81.26,260.0,31997.0
2室2厅,天润城第三街区 ,81.59,175.0,21449.0
3室1厅,湖心花园 ,82.31,285.0,34626.0
2室2厅,东渡国际青年城 ,80.28,222.0,27654.0
3室1厅,月光广场 ,118.98,335.0,28156.0
3室2厅,大华锦绣华城榴美颂 ,117.25,292.0,24905.0
3室1厅,四平路 ,62.97,158.0,25092.0
3室1厅,月苑五村 ,93.68,283.0,30210.0
2室2厅,金地名京 ,88.15,460.0,52184.0
2室2厅,红山韵致居 ,93.43,310.0,33180.0
3室2厅,翠屏湾花园城 ,115.81,256.0,22106.0
4室2厅,明月港湾旭日湾 ,138.75,330.0,23784.0
3室1厅,清江花苑清风园 ,97.33,360.0,36988.0
2室2厅,天元吉第城 ,83.9,225.0,26818.0
2室2厅,江东北路196号 ,85.48,335.0,39191.0
2室1厅,樱驼花园园丁园 ,74.51,200.0,26843.0
3室2厅,月苑四村 ,93.38,220.0,23560.0
2室2厅,湖西街4号 ,81.09,220.0,27131.0
3室2厅,阳光聚宝山庄 ,139.75,390.0,27907.0
3室1厅,锁金三村 ,69.83,210.0,30074.0
2室1厅,将军塘 ,61.58,157.0,25496.0
2室1厅,牵牛巷 ,70.07,215.0,30684.0
3室1厅,和会街115号 ,60.67,238.0,39229.0
3室2厅,市政天元城 ,122.73,336.0,27378.0
3室1厅,二十八所(南) ,82.97,265.0,31940.0
3室2厅,水月秦淮 ,112.5,250.0,22223.0
2室2厅,方圆绿茵 ,87.51,248.0,28340.0
3室2厅,钟山山庄 ,102.68,305.0,29704.0
3室1厅,丹佛小镇 ,77.06,195.0,25305.0
2室2厅,红山韵致居 ,79.06,242.0,30610.0
2室2厅,天润城第十街区 ,81.64,185.0,22661.0
3室2厅,迎春苑 ,117.74,316.0,26839.0
3室2厅,安如村 ,74.01,225.0,30402.0
3室2厅,城市绿洲花园 ,121.7,325.0,26706.0
2室2厅,水西门大街133号 ,65.93,190.0,28819.0
3室2厅,月苑四村 ,93.38,220.0,23560.0
2室2厅,湖西街4号 ,81.09,220.0,27131.0
2室2厅,安泰村 ,76.35,229.0,29994.0
2室2厅,大华锦绣华城榴美颂 ,88.87,215.0,24193.0
3室2厅,大华锦绣华城桂美颂 ,127.51,295.0,23136.0
2室2厅,华侨城 ,95.22,198.0,20794.0
3室1厅,锁金三村 ,67.81,200.0,29495.0
3室2厅,匡庐花园 ,112.81,828.0,73398.0
2室2厅,天然居 ,86.28,260.0,30135.0
2室2厅,威尼斯水城第六街区 ,88.76,200.0,22533.0
3室1厅,二十八所(南) ,82.97,265.0,31940.0
3室2厅,龙蟠花苑 ,86.77,260.0,29965.0
3室2厅,威尼斯水城第二街区 ,109.98,246.0,22368.0
2室2厅,天润城第十街区 ,81.64,185.0,22661.0
3室1厅,热河南路 ,70.86,202.0,28507.0
3室2厅,翠岛花城柳丝苑 ,132.81,460.0,34636.0
3室2厅,东郊小镇第四街区 ,79.95,190.0,23765.0
2室2厅,润花园 ,89.62,385.0,42960.0
3室2厅,瀛洲湾 ,104.3,252.0,24162.0
2室2厅,铂领公寓 ,92.14,326.0,35381.0
3室1厅,凤虹苑 ,63.35,195.0,30782.0
2室1厅,王府园小区 ,58.05,176.0,30319.0
3室1厅,兴贤佳园 ,86.63,220.0,25396.0
2室2厅,华汇康城 ,84.84,180.0,21217.0
2室1厅,悦民公寓北区 ,63.98,140.0,21882.0
2室1厅,燕归园 ,62.91,160.0,25434.0
3室2厅,百水家园 ,84.08,180.0,21409.0
3室2厅,紫峰公馆 ,87.38,270.0,30900.0
1室0厅,兴贤佳园修贤苑 ,36.55,95.0,25992.0
2室1厅,淮海新村 ,51.83,193.0,37238.0
1室1厅,天玺国际广场 ,48.68,330.0,67790.0
2室1厅,泰和园 ,87.48,202.0,23091.0
1室1厅,御道街小区 ,41.9,142.0,33891.0
2室1厅,康怡花园 ,65.89,183.0,27774.0
2室2厅,明月港湾翠堤湾 ,83.51,220.0,26345.0
2室1厅,江滨新寓 ,57.45,205.0,35684.0
3室2厅,雯锦雅苑 ,111.28,326.0,29296.0
2室1厅,樱驼花园跃新园 ,60.98,166.0,27223.0
3室2厅,康盛花园 ,113.71,343.0,30165.0
2室2厅,话园 ,78.97,235.0,29759.0
2室2厅,阳光聚宝山庄 ,97.91,305.0,31152.0
3室2厅,明发滨江新城三期 ,114.92,245.0,21320.0
3室1厅,瑞阳街1号 ,104.51,375.0,35882.0
2室2厅,金基汇锦国际 ,50.04,270.0,53957.0
3室1厅,风光里小区 ,74.9,225.0,30041.0
2室2厅,东郊小镇第二街区 ,82.31,163.0,19804.0
3室1厅,后宰门西村 ,62.23,175.0,28122.0
3室1厅,乔虹苑 ,64.96,170.0,26170.0
2室2厅,君园 ,68.64,350.0,50991.0
2室2厅,墨香山庄 ,84.95,275.0,32372.0
2室1厅,虹苑新寓二村 ,59.49,175.0,29417.0
4室2厅,颐和南园 ,152.51,420.0,27540.0
2室1厅,金陵新八村 ,48.03,123.0,25609.0
2室1厅,天坛新村 ,58.49,148.0,25304.0
3室2厅,明华新村 ,147.94,440.0,29742.0
4室2厅,百家湖西花园伦敦城 ,141.0,350.0,24823.0
3室2厅,康定里 ,86.43,380.0,43967.0
2室2厅,明城华贵园 ,95.37,303.0,31771.0
3室2厅,滨江奥城静思苑 ,133.32,550.0,41255.0
3室2厅,康定里 ,86.43,380.0,43967.0
2室2厅,海润枫景家园 ,78.87,160.0,20287.0
2室2厅,明城华贵园 ,95.37,303.0,31771.0
3室2厅,滨江奥城静思苑 ,133.32,550.0,41255.0
4室2厅,胜泰新寓 ,164.09,330.0,20111.0
2室2厅,吉庆家园逢春苑 ,89.25,325.0,36415.0
3室2厅,明月港湾旭日湾 ,102.94,276.0,26812.0
2室1厅,梅花山庄丽景苑 ,76.19,293.0,38457.0
2室1厅,蓝岸尚城 ,38.38,144.0,37520.0
3室1厅,百家湖西花园巴黎城 ,120.21,320.0,26621.0
3室2厅,江岸水城 ,117.9,218.0,18491.0
2室1厅,莫愁花园牡丹里 ,80.72,272.0,33697.0
3室2厅,明发滨江新城二期 ,111.38,235.0,21099.0
2室2厅,万裕龙庭水岸 ,78.51,205.0,26112.0
2室2厅,世茂滨江新城 ,127.6,400.0,31348.0
1室1厅,富民坊 ,34.23,86.0,25125.0
2室1厅,银城花园北片 ,63.18,305.0,48275.0
5室2厅,文化名园荷风苑 ,157.58,405.0,25702.0
2室2厅,天润城第四街区 ,87.55,180.0,20560.0
2室1厅,营苑西村 ,79.87,190.0,23789.0
2室1厅,南塑新村 ,46.91,130.0,27713.0
2室2厅,宁工新寓二村 ,73.75,289.0,39187.0
2室1厅,安国村 ,61.57,170.0,27611.0
2室1厅,江滨新寓 ,60.56,180.0,29723.0
4室3厅,明发滨江新城一期 ,150.28,318.0,21161.0
2室1厅,迎江园 ,71.43,318.0,44520.0
2室1厅,汇景家园汇安苑 ,68.19,173.0,25371.0
3室2厅,明月港湾翠堤湾 ,104.84,305.0,29092.0
2室1厅,定淮门6号 ,63.25,161.0,25455.0
2室1厅,康居里 ,60.21,168.0,27903.0
2室2厅,东郊小镇第八街区 ,44.9,125.0,27840.0
3室2厅,翠屏湾花园城 ,127.25,265.0,20826.0
3室2厅,白马湖山庄 ,146.48,263.0,17955.0
3室2厅,天润城第十街区 ,90.01,214.0,23776.0
2室2厅,南京恒大绿洲 ,89.63,265.0,29566.0
2室1厅,东郊小镇第四街区 ,37.95,97.5,25692.0
2室2厅,芳草园 ,89.06,485.0,54458.0
3室2厅,万科金色领域 ,87.78,280.0,31898.0
2室1厅,东郊小镇第六街区 ,77.57,147.0,18951.0
2室1厅,金地自在城第二街区 ,64.43,150.0,23282.0
3室1厅,金盾公寓 ,91.35,310.0,33936.0
3室2厅,江南青年城翠湾苑 ,117.5,239.0,20341.0
3室1厅,高教新村 ,98.42,310.0,31498.0
2室1厅,锦江花苑 ,72.25,440.0,60900.0
3室2厅,中航樾府 ,85.4,315.0,36886.0
3室1厅,萍聚村 ,97.67,360.0,36859.0
3室1厅,佳和园 ,85.91,350.0,40741.0
1室1厅,小杨村小区 ,40.38,147.0,36405.0
3室2厅,美丽新世界金德茂花园 ,95.15,270.0,28377.0
2室2厅,金陵村 ,68.01,179.0,26320.0
3室2厅,天润城第十街区 ,89.98,220.0,24450.0
3室2厅,海润枫景家园 ,78.87,162.0,20541.0
3室2厅,名嘉佳园小区 ,128.8,330.0,25622.0
2室2厅,挪威森林 ,90.85,255.0,28069.0
3室1厅,亲水湾花园 ,98.8,290.0,29353.0
3室2厅,浦东花园 ,121.09,220.0,18169.0
2室2厅,紫鑫城 ,74.31,220.0,29606.0
2室1厅,拓园 ,51.11,157.0,30719.0
3室2厅,金轮第一城 ,116.0,309.0,26638.0
2室1厅,五台山1-6号 ,69.79,345.0,49435.0
4室2厅,梅花山庄湖畔之星 ,165.54,530.0,32017.0
3室2厅,时光澔韵 ,91.24,340.0,37265.0
4室1厅,铂金时代公寓 ,138.68,490.0,35334.0
3室2厅,鸿运嘉园 ,124.86,355.0,28432.0
3室2厅,碧水湾西园 ,123.06,300.0,24379.0
3室1厅,辰龙广场 ,114.98,530.0,46095.0
2室2厅,三九五九巷 ,99.12,225.0,22700.0
2室2厅,天地新城天枢座 ,96.58,235.0,24333.0
3室2厅,武夷绿洲观竹苑 ,105.1,275.0,26166.0
4室2厅,铁路北街 ,115.28,298.0,25851.0
3室2厅,嘉顺时代广场 ,98.16,262.0,26692.0
3室1厅,瑞阳街1号 ,98.13,340.0,34648.0
4室2厅,丹佛小镇 ,126.88,335.0,26403.0
3室2厅,宋都美域锦园 ,137.87,686.0,49758.0
2室2厅,红森公寓 ,91.3,270.0,29573.0
3室1厅,万达东坊 ,119.95,500.0,41685.0
2室2厅,天润城第八街区 ,80.84,176.0,21772.0
3室2厅,天华园 ,116.9,400.0,34218.0
4室2厅,紫鑫中华广场 ,176.66,670.0,37926.0
3室2厅,左邻右里 ,115.45,346.0,29970.0
3室2厅,天润城第十街区 ,90.24,209.0,23161.0
3室2厅,天润城第四街区 ,104.14,218.0,20934.0
4室1厅,西祠堂巷 ,46.8,280.8,60001.0
2室1厅,莫愁新寓迎春里 ,61.53,208.0,33805.0
2室2厅,天悦花园 ,79.62,242.0,30395.0
2室1厅,北苑二村 ,78.55,230.0,29281.0
3室2厅,金马郦城西区 ,129.27,540.0,41774.0
3室2厅,天润城第九街区 ,123.94,290.0,23399.0
2室2厅,珠泉花园 ,88.99,205.0,23037.0
2室1厅,梅花山庄丽景苑 ,82.59,305.0,36930.0
3室1厅,凤凰街84号 ,75.36,255.0,33838.0
2室2厅,海润枫景家园 ,78.89,168.0,21296.0
3室1厅,高教新村 ,98.42,298.0,30279.0
3室2厅,彩虹雅苑 ,111.68,210.0,18804.0
3室2厅,江岸水城 ,98.79,192.0,19436.0
3室2厅,东郊美树苑 ,134.69,580.0,43062.0
2室2厅,武夷商城 ,92.02,252.0,27386.0
2室2厅,海润枫景家园 ,83.82,170.0,20282.0
3室2厅,天润城第十街区 ,124.65,259.0,20779.0
3室2厅,吉庆家园逢春苑 ,122.96,420.0,34158.0
3室2厅,兴隆新寓兴宏园 ,77.05,305.0,39585.0
4室1厅,蓝天园 ,121.39,680.0,56018.0
3室2厅,美林苑 ,103.36,340.0,32895.0
3室2厅,莫愁花园牡丹里 ,71.63,258.0,36019.0
3室2厅,市人防宿舍 ,66.35,198.0,29842.0
3室2厅,武夷绿洲赏桂苑 ,125.1,330.0,26379.0
3室1厅,晓庄村42号 ,79.41,176.0,22164.0
5室2厅,尚文西苑 ,174.29,430.0,24672.0
2室2厅,后宰门街 ,75.29,210.0,27893.0
3室2厅,武夷绿洲观竹苑 ,105.1,275.0,26166.0
4室2厅,铁路北街 ,115.28,298.0,25851.0
3室2厅,嘉顺时代广场 ,98.16,262.0,26692.0
3室1厅,瑞阳街1号 ,98.13,340.0,34648.0
3室1厅,凤凰街84号 ,75.36,240.0,31848.0
3室2厅,海都嘉园 ,114.48,280.0,24459.0
3室2厅,月光广场 ,133.69,435.0,32538.0
2室1厅,融侨中央花园1期 ,87.93,422.0,47993.0
3室1厅,湖心花园 ,94.75,299.0,31557.0
2室2厅,凯莱花园 ,88.43,219.5,24822.0
4室2厅,新金贸花园 ,148.14,588.0,39693.0
3室2厅,天润城第四街区 ,113.92,222.0,19488.0
3室2厅,凤凰和鸣 ,130.65,750.0,57406.0
3室1厅,新城市广场 ,57.76,305.0,52805.0
2室2厅,天润城第十街区 ,81.37,188.0,23105.0
2室2厅,蓝山国际公寓 ,112.34,415.0,36942.0
3室2厅,银河湾花园 ,131.1,285.0,21740.0
3室2厅,月光广场 ,133.69,435.0,32538.0
2室1厅,融侨中央花园1期 ,87.93,422.0,47993.0
3室1厅,红庙小区 ,67.32,215.0,31938.0
2室2厅,紫鑫城 ,74.31,220.0,29606.0
2室1厅,拓园 ,51.11,157.0,30719.0
3室1厅,高教新村 ,98.42,298.0,30279.0
2室2厅,万达西地二期 ,70.36,295.0,41928.0
2室2厅,明发滨江新城一期 ,89.83,208.0,23155.0
2室2厅,湖滨世纪花园 ,94.34,250.0,26500.0
3室1厅,丹凤新寓 ,73.63,258.0,35041.0
2室2厅,天润城第十三街区 ,67.83,168.0,24768.0
2室2厅,白鹭花园莺歌苑 ,94.43,345.0,36535.0
3室2厅,枫情家园 ,103.76,300.0,28913.0
2室1厅,雨花新村二村 ,64.17,153.0,23843.0
2室1厅,牵牛巷 ,48.48,148.0,30529.0
2室1厅,牵牛巷 ,49.72,135.0,27153.0
3室2厅,海月花园 ,123.18,420.0,34097.0
2室1厅,罗廊西村 ,53.13,135.0,25410.0
2室1厅,光华园 ,60.2,165.0,27409.0
2室2厅,宝象花园 ,97.76,288.0,29460.0
4室2厅,金王府 ,125.02,353.0,28236.0
3室2厅,紫峰公馆 ,88.72,305.0,34378.0
2室1厅,梅花山庄中沁苑 ,86.52,295.0,34097.0
4室2厅,美丽新世界金德茂花园 ,151.64,328.0,21631.0
3室2厅,中粮彩云居 ,122.02,355.0,29094.0
3室1厅,大石桥小区 ,70.59,342.5,48520.0
2室1厅,樱驼花园永康园 ,69.86,180.0,25766.0
2室2厅,亲水湾花园 ,96.67,268.0,27724.0
3室1厅,钱塘望景花园 ,111.24,260.0,23373.0
2室1厅,明发城市广场 ,87.81,226.0,25738.0
2室1厅,金基汇锦国际 ,50.3,288.0,57257.0
2室2厅,滨江奥城观澜苑 ,96.81,405.0,41835.0
2室2厅,凤凰西街146号 ,80.65,268.0,33231.0
2室2厅,新城市广场 ,48.33,215.0,44486.0
2室2厅,鸿意星城 ,80.73,245.0,30349.0
2室1厅,科巷新寓 ,68.05,208.0,30566.0
2室2厅,亚东城西区 ,82.25,292.0,35502.0
3室2厅,天地新城天一座 ,122.31,278.0,22730.0
3室2厅,钟山晶典苑 ,111.78,335.0,29970.0
2室2厅,万科金域蓝湾 ,88.93,310.0,34859.0
3室2厅,长阳花园 ,101.16,518.0,51207.0
3室2厅,天泓山庄竹山苑 ,133.1,418.0,31405.0
3室1厅,御道街30号 ,79.58,299.0,37573.0
1室1厅,拓园 ,43.69,127.0,29069.0
1室1厅,百水芊城秀水坊 ,42.0,95.0,22620.0
1室1厅,南方花园A组团 ,53.47,125.0,23378.0
3室1厅,华阳佳园华彩苑 ,60.06,220.0,36631.0
3室1厅,开源小区三村 ,77.73,198.0,25473.0
2室2厅,怡居园 ,78.56,220.0,28005.0
2室2厅,盛泉新城 ,89.11,195.0,21884.0
3室1厅,凤凰花园城静幽园 ,126.29,480.0,38008.0
3室2厅,山水方舟 ,113.64,295.0,25960.0
3室2厅,阅城国际花园悠然园 ,116.7,442.0,37875.0
3室3厅,鸿意星城 ,130.88,410.0,31327.0
3室2厅,栖庭 ,132.04,620.0,46956.0
3室1厅,南林二村 ,69.45,202.0,29086.0
3室1厅,长虹路389号 ,70.13,190.0,27093.0
3室2厅,御河苑 ,94.9,360.0,37935.0
2室1厅,燕禾园 ,81.68,226.0,27669.0
3室1厅,名城世纪园 ,119.05,458.0,38472.0
2室1厅,万达东坊 ,90.31,385.0,42631.0
3室2厅,德基紫金南苑 ,124.67,530.0,42513.0
3室2厅,四季阳光花园 ,112.92,395.0,34981.0
3室1厅,雯锦雅苑 ,100.75,320.0,31762.0
3室1厅,月光广场 ,119.72,335.0,27982.0
3室2厅,赛世香樟园 ,135.87,410.0,30176.0
3室2厅,秦淮绿洲北苑 ,132.91,380.0,28591.0
2室2厅,思园 ,86.74,290.0,33434.0
2室1厅,金地苑 ,54.25,150.0,27650.0
3室1厅,华阳佳园华彩苑 ,60.06,220.0,36631.0
3室1厅,开源小区三村 ,77.73,198.0,25473.0
2室2厅,怡居园 ,78.56,220.0,28005.0
2室2厅,盛泉新城 ,89.11,195.0,21884.0
3室1厅,凤凰花园城静幽园 ,126.29,480.0,38008.0
3室2厅,山水方舟 ,113.64,295.0,25960.0
3室2厅,阅城国际花园悠然园 ,116.7,442.0,37875.0
3室3厅,鸿意星城 ,130.88,410.0,31327.0
2室2厅,威尼斯水城第七街区 ,71.22,172.0,24151.0
3室2厅,托乐嘉友邻居 ,111.42,330.0,29618.0
2室1厅,亲水湾花园 ,52.1,182.0,34933.0
3室2厅,诚品城 ,98.84,275.0,27823.0
3室1厅,二十八所(南) ,72.75,260.0,35739.0
2室2厅,天润城第十三街区 ,80.3,186.0,23164.0
3室2厅,金城丽景南区 ,101.77,240.0,23583.0
2室2厅,天地新城天琴座 ,95.3,230.0,24135.0
5室2厅,江南青年城蓝水苑 ,183.45,322.0,17553.0
3室1厅,宏普捷座 ,47.45,258.0,54374.0
3室2厅,幕府一村 ,81.5,230.0,28221.0
2室2厅,金基汇锦国际 ,50.3,298.0,59245.0
3室2厅,万达东坊 ,137.24,540.0,39348.0
3室2厅,弘阳旭日上城一区 ,113.79,275.0,24168.0
2室2厅,万科金域蓝湾 ,88.93,310.0,34859.0
3室2厅,华汇康城 ,125.75,243.0,19325.0
3室2厅,金盾公寓 ,93.53,360.0,38491.0
3室2厅,天润城第三街区 ,138.47,247.0,17838.0
2室2厅,方圆绿茵 ,75.84,227.0,29932.0
2室1厅,陶李王巷 ,53.35,151.0,28304.0
2室1厅,水西门大街87号 ,52.99,155.0,29251.0
2室1厅,集虹苑 ,56.42,157.0,27828.0
2室1厅,来凤里 ,50.28,152.0,30231.0
2室1厅,石门坎 ,67.81,156.0,23006.0
2室1厅,石城家园 ,49.65,145.0,29205.0
1室1厅,曹后村邮局宿舍 ,38.77,99.0,25536.0
2室1厅,莫愁路 ,48.17,150.0,31140.0
1室1厅,砂珠巷小区 ,46.6,127.0,27254.0
5室2厅,天正滨江花园 ,261.71,1050.0,40121.0
6室2厅,百家湖西花园巴黎城 ,156.0,425.0,27244.0
2室1厅,估衣廊 ,71.36,265.0,37136.0
3室2厅,典雅居 ,125.21,388.0,30988.0
2室1厅,丰富路 ,45.3,135.0,29802.0
1室1厅,盛天大厦 ,53.02,218.0,41117.0
3室2厅,苏城北苑 ,144.63,650.0,44943.0
2室2厅,胜泰华府 ,110.27,305.0,27660.0
3室1厅,天泰北区 ,85.7,227.0,26488.0
2室2厅,金马郦城东区 ,101.35,460.0,45388.0
3室2厅,天华硅谷 ,114.57,238.0,20774.0
3室2厅,东郊小镇第三街区 ,103.24,203.0,19663.0
2室1厅,盐西街小区 ,61.43,180.0,29302.0
3室2厅,名湖雅居 ,138.04,600.0,43466.0
3室2厅,威尼斯水城第七街区 ,142.84,295.0,20653.0
3室2厅,时光澔韵 ,107.8,345.0,32004.0
3室2厅,晓庄村42号 ,114.43,245.0,21411.0
3室2厅,翠屏国际梧桐苑 ,143.39,415.0,28943.0
3室2厅,星雨华府 ,136.15,755.0,55454.0
3室2厅,明月港湾月亮湾 ,126.21,330.0,26147.0
2室2厅,悦民公寓 ,100.68,180.0,17879.0
2室2厅,阳光嘉园 ,94.57,294.0,31089.0
3室2厅,江南青年城楚襄园 ,116.88,270.0,23101.0
2室2厅,东渡国际青年城 ,82.12,238.0,28982.0
3室2厅,瀛洲湾 ,146.12,320.0,21900.0
2室2厅,金王府 ,88.73,290.0,32684.0
3室1厅,凤凰新村 ,65.02,266.0,40911.0
2室1厅,美林苑 ,71.76,258.0,35954.0
2室2厅,南林一村 ,75.2,265.0,35240.0
3室2厅,秦淮教师公寓 ,88.99,233.0,26183.0
2室2厅,万欣花园 ,94.74,250.0,26389.0
3室2厅,五台山庄 ,116.15,720.0,61989.0
3室2厅,托乐嘉吉邻居 ,124.73,365.0,29264.0
3室2厅,石鼓路225号 ,83.0,290.0,34940.0
3室2厅,红森公寓 ,123.01,330.0,26828.0
3室2厅,江岸水城 ,92.25,188.0,20380.0
2室2厅,万科金色里程 ,69.19,230.0,33242.0
3室2厅,江岸水城 ,117.33,221.0,18836.0
3室2厅,石鼓路225号 ,83.0,290.0,34940.0
3室2厅,红森公寓 ,123.01,330.0,26828.0
3室2厅,江岸水城 ,92.25,188.0,20380.0
2室2厅,万科金色里程 ,69.19,230.0,33242.0
2室2厅,天润城第五街区 ,90.21,185.0,20508.0
3室2厅,东渡国际青年城 ,95.12,292.0,30699.0
2室2厅,新城市广场 ,48.36,245.0,50662.0
2室1厅,四方新村一村 ,62.23,157.0,25229.0
2室2厅,银城西堤国际一区 ,107.76,540.0,50112.0
2室2厅,仙霞路 ,76.0,579.0,76185.0
3室2厅,大华锦绣华城香榭美颂 ,89.53,228.0,25467.0
2室1厅,东渡国际青年城 ,80.77,230.0,28476.0
4室2厅,亚都天元居 ,125.63,400.0,31840.0
3室2厅,致和新村 ,108.81,310.0,28491.0
3室2厅,江南青年城翠湾苑 ,114.63,248.0,21635.0
3室1厅,阳光广场 ,129.12,460.0,35626.0
2室2厅,天润城第一街区 ,90.7,175.0,19295.0
2室2厅,长虹路35号 ,79.8,190.0,23810.0
3室1厅,凤凰新村 ,65.02,266.0,40911.0
2室2厅,武夷商城 ,89.88,235.0,26146.0
2室2厅,太平花苑北区 ,117.16,250.0,21339.0
3室2厅,石头城 ,79.82,225.0,28189.0
3室1厅,锁金三村 ,67.81,195.0,28757.0
3室2厅,亚东国际公寓 ,136.17,500.0,36719.0
2室2厅,华汇康城 ,83.41,190.0,22780.0
3室2厅,仲景公寓 ,109.52,300.0,27393.0
3室1厅,万达新村 ,82.37,200.0,24281.0
3室2厅,鸿意星城 ,111.61,320.0,28672.0
3室2厅,鑫都公寓 ,161.69,325.0,20101.0
2室2厅,宁和新寓 ,92.29,370.0,40092.0
2室2厅,威尼斯水城第三街区 ,94.68,215.0,22709.0
3室2厅,武夷路 ,51.46,400.0,77731.0
3室2厅,名嘉佳园小区 ,128.91,335.0,25988.0
3室2厅,东渡国际青年城 ,95.12,292.0,30699.0
3室2厅,阳光聚宝山庄 ,134.06,430.0,32076.0
2室2厅,天润城第十街区 ,75.82,173.0,22818.0
2室1厅,公园新寓 ,59.22,246.0,41541.0
2室1厅,锁金六村 ,54.05,158.0,29233.0
2室1厅,宁工新寓二村 ,49.57,180.0,36313.0
5室3厅,尚东花园 ,217.02,530.0,24422.0
2室2厅,天润城第五街区 ,90.21,185.0,20508.0
3室2厅,明发滨江新城一期 ,119.2,270.0,22652.0
3室2厅,江岸水城 ,130.16,255.0,19592.0
2室2厅,梅花山庄中沁苑 ,77.19,275.0,35627.0
4室1厅,相府营 ,87.96,255.0,28991.0
2室1厅,沿河三村 ,47.1,138.0,29300.0
2室2厅,天地新城天玑座 ,88.62,220.0,24826.0
2室1厅,天元瑞沨名苑 ,57.49,150.0,26092.0
3室2厅,翠屏国际广场苑 ,129.73,360.0,27750.0
3室2厅,陶苑 ,124.41,233.0,18729.0
5室3厅,三金福邸 ,131.71,422.0,32041.0
2室2厅,银城花园北片 ,63.04,275.0,43624.0
4室2厅,明月港湾月亮湾 ,143.74,400.0,27829.0
4室2厅,银河湾花园 ,140.23,300.0,21394.0
3室2厅,武夷绿洲赏桂苑 ,140.96,375.0,26604.0
3室2厅,幸福美地花园 ,117.29,225.0,19184.0
2室2厅,日光广场 ,79.23,189.0,23855.0
3室2厅,诚品城 ,99.02,260.0,26258.0
3室2厅,汇景新苑 ,102.81,260.0,25290.0
2室2厅,华汇康城 ,82.7,173.0,20919.0
3室2厅,江雁依山郡 ,126.46,440.0,34794.0
3室2厅,诚品城 ,98.73,285.0,28867.0
2室2厅,水利花苑 ,99.87,368.0,36848.0
1室1厅,龙蟠中路 ,47.18,130.0,27555.0
3室1厅,南农大小区 ,65.6,197.0,30031.0
2室1厅,明发滨江新城二期 ,95.32,210.0,22032.0
3室1厅,华盛园 ,78.78,224.0,28434.0
2室2厅,清江花苑圆梦园 ,108.18,455.0,42060.0
2室1厅,盐仓桥11号 ,57.45,175.0,30462.0
3室1厅,清江西苑 ,147.18,585.0,39748.0
3室1厅,宁工新寓一村 ,87.76,458.0,52188.0
2室1厅,棉鞋营小区 ,45.37,140.0,30858.0
3室2厅,天润城第七街区 ,89.65,178.0,19855.0
2室2厅,明发滨江新城三期 ,95.38,215.0,22542.0
2室2厅,天华硅谷 ,89.18,198.0,22203.0
3室2厅,武夷绿洲赏桂苑 ,98.82,267.0,27019.0
3室2厅,翠屏湾花园城 ,127.25,275.0,21612.0
3室2厅,苏建艳阳居 ,120.13,450.0,37460.0
3室1厅,富贵山小区 ,75.58,220.0,29109.0
3室2厅,南航东苑 ,131.2,488.0,37196.0
3室3厅,迎春苑 ,132.3,350.0,26456.0
3室2厅,江南青年城楚襄园 ,112.26,230.0,20489.0
2室2厅,市政天元城 ,92.51,255.0,27565.0
2室1厅,新庄花园 ,40.5,118.0,29136.0
2室2厅,幸福美地花园 ,82.94,175.0,21100.0
2室1厅,紫金西区中央 ,94.46,340.0,35995.0
2室1厅,南京恒大绿洲 ,89.63,270.0,30124.0
3室2厅,锦绣花园银桂园 ,111.73,220.0,19691.0
2室2厅,天润城第八街区 ,79.5,190.0,23900.0
3室1厅,长虹路 ,80.82,200.0,24747.0
2室2厅,三条巷 ,93.27,276.0,29592.0
2室2厅,书香名门 ,104.47,255.0,24409.0
4室2厅,银河湾花园 ,140.23,300.0,21394.0
3室2厅,武夷绿洲赏桂苑 ,140.96,375.0,26604.0
3室2厅,幸福美地花园 ,117.29,225.0,19184.0
2室2厅,日光广场 ,79.23,189.0,23855.0
3室2厅,诚品城 ,99.02,260.0,26258.0
3室2厅,汇景新苑 ,102.81,260.0,25290.0
2室2厅,华汇康城 ,82.7,173.0,20919.0
2室1厅,莫愁花园海棠里 ,77.25,230.0,29774.0
3室2厅,世纪东山 ,153.26,320.0,20880.0
3室1厅,晏公庙西村 ,73.83,210.0,28444.0
2室2厅,泰山天然居 ,88.78,200.0,22528.0
3室1厅,金陵新五村 ,76.91,170.0,22104.0
2室2厅,天润城第六街区 ,91.67,173.0,18873.0
4室3厅,正泰花苑 ,199.48,620.0,31081.0
2室2厅,丹佛小镇 ,77.08,212.0,27504.0
3室2厅,仁恒翠竹园 ,130.5,538.0,41227.0
3室2厅,江岸水城 ,89.15,185.0,20752.0
2室2厅,鸿信清新家园 ,87.6,260.0,29681.0
2室1厅,白鹭花园莺歌苑 ,63.62,207.0,32537.0
2室2厅,城南新村 ,79.8,195.0,24437.0
2室1厅,盘龙山庄 ,87.52,150.0,17139.0
2室1厅,东方城初阳园 ,89.08,305.0,34239.0
3室2厅,东郊小镇第二街区 ,119.57,218.0,18232.0
3室2厅,翠屏湾花园城 ,127.25,275.0,21612.0
3室2厅,苏建艳阳居 ,120.13,450.0,37460.0
3室1厅,富贵山小区 ,75.58,220.0,29109.0
3室2厅,江南青年城蓝水苑 ,116.38,260.0,22341.0
2室1厅,世纪东山 ,80.71,198.0,24533.0
2室1厅,盘龙山庄 ,87.52,150.0,17139.0
2室1厅,万达东坊 ,91.35,350.0,38315.0
3室2厅,星雨华府 ,145.31,700.0,48173.0
2室1厅,新模范马路 ,49.59,135.0,27224.0
2室1厅,汇景家园汇安苑 ,68.52,172.0,25103.0
3室2厅,左岸名苑月桂阁 ,139.56,340.0,24363.0
2室1厅,萍聚村 ,63.99,302.0,47195.0
3室2厅,天水滨江花园东苑 ,126.53,736.0,58169.0
2室2厅,樱驼花园华康苑 ,83.35,274.0,32874.0
3室1厅,宁工新寓二村 ,92.93,355.0,38201.0
2室1厅,利民东村 ,47.68,130.5,27370.0
2室1厅,油运小区 ,64.08,135.0,21068.0
1室1厅,城开国际 ,46.74,192.0,41079.0
2室2厅,银河湾紫苑 ,97.55,213.0,21835.0
2室1厅,真园 ,53.14,160.0,30110.0
2室1厅,中和桥12号 ,56.42,148.0,26232.0
4室2厅,恒安嘉园 ,163.08,374.0,22934.0
3室2厅,托乐嘉吉邻居 ,131.68,400.0,30377.0
4室2厅,金陵大公馆 ,145.48,705.0,48461.0
3室0厅,萍聚村 ,58.6,260.0,44369.0
2室2厅,江岸水城 ,100.94,188.0,18625.0
3室2厅,墨香山庄 ,113.38,340.0,29988.0
3室2厅,威尼斯水城第六街区 ,103.46,225.0,21748.0
2室1厅,凤凰庄 ,58.35,220.0,37704.0
3室1厅,白鹭花园凤栖苑 ,68.46,205.0,29945.0
3室1厅,金龙花园 ,87.93,238.0,27067.0
3室2厅,鸿信清新家园 ,122.54,335.0,27339.0
3室2厅,威尼斯水城第三街区 ,128.71,289.0,22454.0
2室1厅,月苑三村 ,63.86,168.0,26308.0
3室2厅,天同苑 ,162.88,390.0,23945.0
2室1厅,爱达花园兰花园 ,63.99,169.0,26411.0
4室2厅,金基唐城 ,143.0,605.0,42308.0
3室2厅,天同苑 ,162.88,390.0,23945.0
3室2厅,南大和园 ,89.87,347.0,38612.0
2室1厅,月苑三村 ,63.86,168.0,26308.0
2室1厅,悦民公寓 ,65.04,140.0,21526.0
2室2厅,蒋王庙街 ,56.77,168.0,29594.0
2室1厅,晓庄47号小区 ,62.73,157.0,25028.0
2室1厅,天地花园 ,63.23,178.0,28152.0
3室1厅,鼎新苑 ,103.07,340.0,32988.0
4室2厅,思园 ,86.74,295.0,34010.0
4室2厅,南京恒大绿洲 ,167.26,480.0,28698.0
3室2厅,龙凤花园腾龙里 ,119.64,510.0,42628.0
2室1厅,威尼斯水城第七街区 ,90.86,235.0,25864.0
3室1厅,板仓街49号 ,71.0,199.0,28029.0
2室2厅,天润城第十二街区 ,82.24,195.0,23712.0
2室2厅,锦绣花园紫桂园 ,89.22,178.0,19951.0
3室2厅,西城映象 ,128.08,495.0,38648.0
4室2厅,嘉业阳光城天景苑一期 ,142.14,660.0,46434.0
3室2厅,天润城第九街区 ,120.48,290.0,24071.0
2室2厅,天华硅谷 ,90.01,200.0,22220.0
3室1厅,锁金三村 ,69.83,195.0,27925.0
4室2厅,江南文枢苑云泊居 ,203.62,510.0,25047.0
2室2厅,天润城第六街区 ,89.27,180.0,20164.0
3室1厅,锁金三村 ,68.8,190.0,27617.0
2室2厅,威尼斯水城第七街区 ,119.27,285.0,23896.0
3室2厅,江南青年城绯云苑 ,131.3,265.0,20183.0
2室0厅,钟阜路小区 ,46.71,108.0,23122.0
4室2厅,国华大厦 ,172.54,999.0,57900.0
2室2厅,汽轮七村小区 ,64.86,170.0,26211.0
3室2厅,江南青年城绯云苑 ,131.3,265.0,20183.0
2室0厅,钟阜路小区 ,46.71,108.0,23122.0
4室2厅,国华大厦 ,172.54,999.0,57900.0
2室2厅,汽轮七村小区 ,64.86,170.0,26211.0
2室2厅,天润城第十街区 ,80.63,175.0,21705.0
2室1厅,营苑新寓 ,69.45,172.0,24767.0
2室2厅,威尼斯水城第十街区 ,87.39,210.0,24031.0
2室1厅,迎宾村 ,57.32,199.0,34718.0
4室2厅,华汇康城 ,141.66,310.0,21884.0
3室2厅,黄埔鑫园 ,134.79,498.0,36947.0
2室1厅,东郊小镇第三街区 ,80.76,165.0,20431.0
5室2厅,南方花园瑞阳居 ,103.14,278.0,26954.0
3室2厅,名嘉佳园小区 ,142.98,376.0,26298.0
3室2厅,樱花苑 ,129.14,408.0,31594.0
3室2厅,市政天元城 ,121.9,320.0,26252.0
3室2厅,银龙花园 ,87.68,260.0,29654.0
3室2厅,赛世香樟园 ,111.53,375.0,33624.0
3室2厅,天润城第十一街区 ,88.85,215.0,24199.0
2室2厅,天鹅湖花园 ,92.42,251.0,27159.0
3室2厅,天润城第八街区 ,91.51,205.0,22402.0
3室2厅,仙鹤山庄 ,119.15,299.0,25095.0
3室2厅,天润城第十街区 ,124.4,250.0,20097.0
2室1厅,莫愁新寓迎春里 ,58.15,174.0,29923.0
3室2厅,润富花园 ,99.31,210.0,21146.0
4室2厅,悦民公寓北区 ,79.66,200.0,25107.0
2室1厅,清凉山庄 ,74.96,310.0,41356.0
2室2厅,金蕊家苑 ,92.55,285.0,30795.0
3室2厅,天润城第十一街区 ,85.92,195.0,22696.0
4室2厅,花神美境 ,147.38,435.0,29516.0
4室2厅,翠屏湾花园城 ,141.78,330.0,23276.0
2室2厅,江岸水城 ,101.01,197.0,19504.0
2室2厅,广都苑 ,107.5,270.0,25117.0
4室2厅,馨怡园 ,118.94,345.0,29007.0
2室2厅,天润城第六街区 ,93.24,185.0,19842.0
3室2厅,翠屏东南 ,125.02,305.0,24397.0
3室1厅,鸿意星城 ,109.54,352.0,32135.0
2室1厅,砂珠巷小区 ,63.01,205.0,32535.0
3室2厅,天润城第九街区 ,120.48,290.0,24071.0
2室2厅,天华硅谷 ,90.01,200.0,22220.0
3室1厅,锁金三村 ,69.83,195.0,27925.0
4室2厅,江南文枢苑云泊居 ,203.62,510.0,25047.0
2室2厅,天润城第六街区 ,89.27,180.0,20164.0
3室1厅,锁金三村 ,68.8,190.0,27617.0
2室2厅,东元山庄 ,80.41,255.0,31713.0
3室1厅,清江花苑明月园 ,97.68,410.0,41974.0
3室1厅,南湖东路40-46号 ,79.34,189.0,23822.0
2室1厅,中山南路 ,83.77,320.0,38200.0
3室1厅,虎踞路40号 ,69.02,270.0,39120.0
2室2厅,商茂新园 ,87.79,298.0,33945.0
2室2厅,金珠花苑 ,90.72,210.0,23149.0
2室1厅,景虹园 ,88.38,235.0,26590.0
3室2厅,金地自在城第四街区 ,131.83,460.0,34894.0
2室2厅,江畔明珠广场 ,92.98,205.0,22048.0
4室2厅,锦绣花园丹桂园 ,153.05,310.0,20255.0
3室1厅,天泰北区 ,85.53,220.0,25722.0
2室1厅,威尼斯水城第六街区 ,92.61,208.0,22460.0
3室1厅,汉中路266号 ,111.27,880.0,79087.0
3室2厅,菊花新村三村 ,76.49,198.0,25886.0
2室1厅,东郊小镇第四街区 ,49.35,125.0,25330.0
3室1厅,阳光聚宝山庄 ,74.36,238.0,32007.0
2室2厅,大华锦绣华城桂美颂 ,87.04,229.0,26310.0
3室2厅,良城美景家园 ,110.82,362.0,32666.0
2室1厅,莫愁花园牡丹里 ,53.97,184.0,34094.0
2室1厅,晏公庙西村 ,43.43,118.0,27171.0
3室2厅,天润城第一街区 ,103.15,230.0,22298.0
3室2厅,御水湾花园 ,99.25,374.0,37683.0
2室2厅,天泰青城苑 ,71.65,208.0,29031.0
3室2厅,泰润公寓 ,130.78,520.0,39762.0
2室1厅,紫金银座 ,55.45,143.0,25789.0
2室2厅,威尼斯水城第七街区 ,85.23,188.0,22058.0
2室1厅,燕江园小区 ,52.48,120.0,22866.0
2室1厅,银城花园北片 ,50.04,258.0,51559.0
3室1厅,银河湾紫苑 ,106.06,242.0,22818.0
2室2厅,万达紫金明珠 ,82.37,230.0,27923.0
2室1厅,西一新村 ,67.96,205.0,30165.0
2室1厅,怡景花园 ,61.09,470.0,76936.0
3室2厅,新城玖珑湖一期 ,88.75,288.0,32451.0
2室1厅,三牌楼大街 ,49.23,172.0,34939.0
1室1厅,中商万豪 ,67.13,165.0,24580.0
2室1厅,华御大厦 ,72.67,216.0,29724.0
2室1厅,南方花园B组团 ,69.84,195.0,27921.0
2室1厅,真园 ,54.5,160.0,29358.0
2室1厅,燕归园 ,62.91,150.0,23844.0
4室2厅,百家湖西花园巴黎城 ,152.12,330.0,21694.0
3室1厅,虹苑新寓一村 ,87.02,240.0,27580.0
2室2厅,舒心苑 ,90.72,345.0,38030.0
3室2厅,蓝天园 ,84.65,498.0,58831.0
3室2厅,中泰国际广场 ,138.96,638.0,45913.0
3室2厅,双龙苑 ,88.45,291.0,32900.0
2室1厅,威尼斯水城第十街区 ,82.11,210.0,25576.0
3室1厅,时光澔韵 ,88.34,300.0,33960.0
2室1厅,裴家桥小区 ,58.69,168.0,28625.0
3室2厅,仙龙湾山庄 ,142.55,470.0,32971.0
3室2厅,市政天元城 ,126.28,345.0,27321.0
3室1厅,龙福花园 ,78.17,195.0,24946.0
2室1厅,武夷商城 ,90.18,260.0,28832.0
2室1厅,金贸新村 ,78.95,240.0,30399.0
3室1厅,童卫路 ,68.4,175.0,25585.0
2室1厅,花园路7号 ,60.92,150.0,24623.0
2室1厅,芳草园 ,61.05,430.0,70435.0
2室1厅,南堡新寓 ,67.82,155.0,22855.0
2室1厅,金陵村 ,69.92,171.0,24457.0
3室2厅,天元瑞沨名苑 ,85.01,225.0,26468.0
3室2厅,富丽山庄 ,125.21,375.0,29950.0
3室2厅,滨江瑞景家园 ,139.5,730.0,52330.0
2室2厅,东郊小镇邻里中心 ,47.34,140.0,29574.0
3室1厅,锁金二村 ,69.76,208.0,29817.0
2室2厅,鸡鸣山庄 ,70.61,296.0,41921.0
5室2厅,典雅居 ,158.6,580.0,36570.0
2室2厅,紫金名门 ,105.26,306.0,29071.0
3室2厅,盛世新寓 ,94.23,280.0,29715.0
2室2厅,左邻右里家园泊客公寓 ,81.17,200.0,24640.0
3室1厅,宏鹰花园 ,126.56,398.0,31448.0
3室2厅,墨香山庄 ,126.56,395.0,31211.0
2室2厅,怡园小区 ,87.89,212.0,24122.0
3室1厅,佛心桥 ,80.45,225.0,27968.0
3室2厅,天然居 ,92.97,270.0,29042.0
3室1厅,安怀新村 ,81.35,208.0,25569.0
2室2厅,城市绿洲花园 ,88.51,240.0,27116.0
2室1厅,四条巷 ,47.99,168.0,35008.0
4室2厅,凤凰花园城静幽园 ,139.31,620.0,44506.0
3室2厅,三金福邸 ,131.71,345.0,26194.0
4室1厅,双桥新村 ,96.2,268.0,27859.0
3室1厅,拓园 ,75.33,198.0,26285.0
3室2厅,御水湾花园 ,117.9,430.0,36472.0
2室2厅,新城市广场 ,48.34,240.0,49649.0
3室2厅,银河湾花园 ,137.7,300.0,21787.0
2室2厅,裕民家园 ,85.2,148.0,17371.0
3室2厅,明发滨江新城三期 ,95.76,213.0,22244.0
3室1厅,金陵新七村 ,73.43,160.0,21790.0
2室1厅,东郊小镇邻里中心 ,39.54,104.0,26303.0
3室1厅,东郊小镇第四街区 ,90.48,195.0,21552.0
2室2厅,万科金色里程 ,72.26,245.0,33906.0
3室1厅,四方新村七村 ,79.35,185.0,23315.0
4室2厅,翠屏东南 ,161.77,395.0,24418.0
3室2厅,森林湾花园 ,101.96,323.0,31680.0
3室2厅,新百花园 ,146.29,465.0,31787.0
2室2厅,江岸水城 ,86.26,178.0,20636.0
4室2厅,傅佐路 ,130.21,350.0,26880.0
2室1厅,广博苑 ,79.92,210.0,26277.0
3室2厅,双龙苑 ,88.45,291.0,32900.0
2室1厅,威尼斯水城第十街区 ,82.11,210.0,25576.0
3室2厅,新理想佳园 ,126.83,288.0,22708.0
2室2厅,世茂滨江新城 ,122.55,440.0,35904.0
4室2厅,莫愁家园 ,154.41,525.0,34001.0
3室1厅,时光澔韵 ,88.34,300.0,33960.0
2室1厅,裴家桥小区 ,58.69,168.0,28625.0
3室2厅,仙龙湾山庄 ,142.55,470.0,32971.0
3室2厅,市政天元城 ,126.28,345.0,27321.0
3室1厅,龙福花园 ,78.17,195.0,24946.0
4室2厅,傅佐路 ,130.21,350.0,26880.0
2室1厅,广博苑 ,79.92,210.0,26277.0
2室1厅,迈皋桥街79号 ,48.21,125.0,25929.0
3室2厅,紫霞公寓 ,95.21,310.0,32560.0
3室1厅,大地豪庭 ,121.5,455.0,37449.0
2室1厅,仓顶 ,49.08,140.0,28525.0
2室1厅,小市村 ,58.14,170.0,29240.0
2室1厅,江东北路 ,65.37,375.0,57366.0
4室2厅,天正滨江花园 ,260.9,1220.0,46762.0
4室2厅,南航揽翠苑 ,162.81,378.0,23218.0
3室2厅,江南青年城绯云苑 ,131.33,260.0,19798.0
4室2厅,天正滨江花园 ,237.5,830.0,34948.0
1室0厅,观城 ,49.49,200.0,40413.0
2室1厅,鸿意星城 ,81.05,250.0,30846.0
1室0厅,万达紫金明珠 ,30.19,84.0,27824.0
2室2厅,万达紫金明珠 ,93.02,250.0,26876.0
2室1厅,雅居乐花园 ,53.13,196.0,36891.0
3室2厅,天悦花园 ,103.56,276.0,26652.0
2室1厅,乌衣巷 ,49.34,158.0,32023.0
4室2厅,百家湖西花园伦敦城 ,140.54,325.0,23126.0
2室2厅,天悦花园 ,80.53,243.0,30176.0
1室1厅,百花小区 ,39.5,106.0,26836.0
1室1厅,南方花园枫彩园 ,60.92,167.0,27414.0
2室1厅,万科金域蓝湾 ,88.93,308.0,34634.0
1室1厅,盛景华庭北苑 ,59.07,135.0,22855.0
3室2厅,东方龙湖湾 ,100.95,290.0,28728.0
1室1厅,凤凰西街188号 ,38.71,112.0,28934.0
5室2厅,天泓山庄香山苑 ,232.2,630.0,27132.0
3室2厅,东郊小镇第八街区 ,63.0,180.0,28572.0
1室1厅,中粮彩云居 ,39.73,108.0,27184.0
4室2厅,托乐嘉睦邻居 ,149.91,430.0,28684.0
3室2厅,江南青年城惠山苑 ,116.24,230.0,19787.0
5室3厅,金王府 ,193.3,446.0,23073.0
1室1厅,中粮彩云居 ,39.73,108.0,27184.0
3室2厅,东郊小镇第八街区 ,63.0,180.0,28572.0
2室1厅,菱角市 ,68.59,200.0,29159.0
4室2厅,南方花园B组团 ,135.74,310.0,22838.0
2室1厅,康业里 ,62.75,178.0,28367.0
1室1厅,中海凯旋门 ,44.28,145.0,32747.0
5室2厅,金陵家天下 ,183.81,580.0,31555.0
1室1厅,正泰大厦 ,58.5,146.0,24958.0
2室1厅,中粮彩云居 ,53.55,172.0,32120.0
1室1厅,中北蔚蓝星座 ,53.22,185.0,34762.0
3室2厅,华汇康城 ,126.58,258.0,20383.0
2室1厅,福建路 ,64.58,172.0,26634.0
3室1厅,康居里 ,64.52,163.0,25264.0
3室1厅,新河二村 ,74.41,330.0,44349.0
2室1厅,小火瓦巷 ,48.33,160.0,33106.0
1室1厅,赛世香樟园 ,48.78,136.0,27881.0
2室1厅,银城花园北片 ,63.19,300.0,47476.0
2室1厅,贡园 ,63.68,189.0,29680.0
4室2厅,御水湾花园 ,121.38,445.0,36662.0
3室0厅,山阴路 ,71.76,530.0,73858.0
2室1厅,樱驼花园永康园 ,69.23,166.0,23979.0
3室2厅,方山熙园 ,135.51,285.0,21032.0
2室1厅,尚书巷 ,53.54,148.0,27643.0
2室1厅,路子铺小区 ,50.5,145.0,28713.0
2室1厅,蓝岸尚城 ,50.52,189.0,37411.0
3室1厅,西家大塘 ,64.46,295.0,45765.0
2室1厅,武定门北巷 ,59.13,180.0,30442.0
3室2厅,钟山晶典苑 ,109.12,310.0,28410.0
2室1厅,瑞金北村 ,49.51,205.0,41406.0
2室1厅,莫愁花园牡丹里 ,51.52,166.0,32221.0
2室1厅,红山路149号 ,65.44,148.0,22617.0
2室1厅,樱铁村小区 ,51.81,135.0,26057.0
2室1厅,虹苑新寓五村 ,63.95,185.0,28929.0
2室1厅,文德里小区 ,57.14,200.0,35002.0
2室2厅,亚东国际公寓 ,94.69,340.0,35907.0
2室1厅,樱驼花园永康园 ,69.23,166.0,23979.0
3室2厅,方山熙园 ,135.51,285.0,21032.0
2室1厅,尚书巷 ,53.54,148.0,27643.0
2室1厅,路子铺小区 ,50.5,145.0,28713.0
2室1厅,蓝岸尚城 ,50.52,189.0,37411.0
3室1厅,西家大塘 ,64.46,295.0,45765.0
2室1厅,武定门北巷 ,59.13,180.0,30442.0
2室1厅,蓓蕾村西 ,47.72,138.0,28919.0
2室1厅,武夷绿洲品茗苑 ,81.44,233.0,28611.0
1室1厅,天安恒隆花园 ,50.37,168.0,33354.0
2室1厅,迈皋桥街258号 ,73.04,190.0,26014.0
2室2厅,南方花园瑞阳居 ,46.26,155.0,33507.0
2室2厅,花开四季 ,91.36,415.0,45425.0
2室2厅,东郊小镇第六街区 ,80.04,168.0,20990.0
2室1厅,瑞金北村 ,56.2,242.0,43061.0
3室2厅,金湾花园 ,100.3,420.0,41875.0
4室2厅,中华公寓 ,174.66,560.0,32063.0
3室2厅,水月秦淮 ,104.29,285.0,27328.0
2室1厅,娄子巷131巷 ,50.05,150.0,29971.0
1室1厅,和会街 ,44.45,142.0,31947.0
3室2厅,江佑铂庭 ,131.23,330.0,25147.0
3室2厅,汇文里 ,121.79,490.0,40234.0
3室2厅,万科金色领域 ,89.36,290.0,32453.0
3室1厅,兴贤佳园近贤苑 ,82.33,200.0,24293.0
3室2厅,鸿信清新家园 ,129.27,388.0,30015.0
1室1厅,和会街 ,44.45,142.0,31947.0
3室2厅,江佑铂庭 ,131.23,330.0,25147.0
3室2厅,汇文里 ,121.79,490.0,40234.0
3室2厅,金地自在城第二街区 ,102.2,235.0,22995.0
3室2厅,小行路 ,104.53,290.0,27744.0
2室2厅,阳光之旅 ,86.17,172.0,19961.0
2室2厅,万科金色里程 ,69.36,230.0,33161.0
1室1厅,嘉业国际城 ,59.72,235.0,39351.0
3室2厅,万达紫金明珠 ,105.51,305.0,28908.0
3室2厅,天地新城天玑座 ,109.6,265.0,24179.0
2室1厅,东郊小镇第三街区 ,82.19,160.0,19468.0
2室2厅,湖滨世纪花园 ,92.82,243.0,26180.0
2室1厅,汇景家园汇祥苑 ,57.0,169.0,29650.0
3室2厅,金王府 ,104.33,320.0,30672.0
2室1厅,瑞金新村 ,43.56,165.0,37879.0
3室2厅,怡康新寓 ,93.5,320.0,34225.0
3室1厅,二条巷 ,94.64,272.0,28741.0
4室2厅,爱涛翠湖花园 ,143.34,360.0,25116.0
2室1厅,东郊小镇第六街区 ,45.25,128.0,28288.0
3室1厅,万达西地一期 ,87.35,380.0,43504.0
3室2厅,万裕龙庭水岸 ,100.97,255.0,25256.0
2室2厅,康安里小区 ,81.57,248.0,30404.0
4室2厅,云锦美地碧云居 ,127.12,480.0,37760.0
3室2厅,香山美墅 ,116.12,380.0,32725.0
4室2厅,凤凰西街146号 ,108.61,280.0,25781.0
3室1厅,莺虹苑 ,76.12,196.0,25749.0
3室2厅,江佑铂庭 ,93.64,250.0,26698.0
3室2厅,左邻右里 ,100.95,290.0,28728.0
3室2厅,爱秦湾 ,93.35,295.0,31602.0
4室2厅,凤凰西街146号 ,108.61,280.0,25781.0
3室1厅,莺虹苑 ,76.12,196.0,25749.0
3室2厅,万裕龙庭水岸 ,100.97,255.0,25256.0
2室2厅,同曦青春水岸 ,89.47,307.0,34314.0
2室1厅,东郊小镇第二街区 ,82.47,165.0,20008.0
3室1厅,百水家园 ,84.08,190.0,22598.0
1室0厅,托乐嘉贵邻居 ,40.28,115.0,28551.0
1室0厅,托乐嘉贵邻居 ,40.15,110.0,27398.0
1室1厅,天安恒隆花园 ,39.33,122.0,31020.0
3室2厅,鸿福苑 ,98.7,380.0,38501.0
4室2厅,银城千花溪 ,85.42,390.0,45657.0
2室2厅,汉北街8号 ,51.11,175.0,34240.0
2室2厅,圣源居 ,104.89,230.0,21928.0
2室2厅,东郊小镇第四街区 ,76.5,180.0,23530.0
3室2厅,东郊小镇第三街区 ,91.65,195.0,21277.0
4室2厅,嘉业阳光城云景苑二期 ,157.53,600.0,38088.0
2室1厅,金陵新二村 ,44.1,110.0,24944.0
4室2厅,天印花园 ,141.45,330.0,23330.0
2室2厅,凤凰西街227号 ,83.7,275.0,32856.0
3室2厅,江南青年城绯云苑 ,124.46,270.0,21694.0
3室2厅,21世纪现代城 ,160.31,398.0,24827.0
3室2厅,武夷绿洲观竹苑 ,102.43,298.0,29094.0
6室2厅,凯悦天琴花园 ,206.76,630.0,30471.0
2室1厅,木匠营小区 ,52.87,178.0,33668.0
3室2厅,东郊小镇第一街区 ,105.68,235.0,22237.0
3室1厅,三金福邸 ,101.13,353.0,34906.0
3室2厅,天然居 ,127.73,387.0,30299.0
3室2厅,仁恒翠竹园 ,131.14,550.0,41940.0
6室2厅,凯悦天琴花园 ,206.76,630.0,30471.0
2室1厅,木匠营小区 ,52.87,178.0,33668.0
3室2厅,东郊小镇第一街区 ,105.68,235.0,22237.0
3室1厅,三金福邸 ,101.13,353.0,34906.0
3室2厅,天然居 ,127.73,387.0,30299.0
3室2厅,仁恒翠竹园 ,131.14,550.0,41940.0
3室2厅,天印花园 ,132.14,340.0,25731.0
4室2厅,墨香山庄 ,130.27,435.0,33393.0
1室0厅,万达紫金明珠 ,38.64,85.0,21998.0
3室2厅,和燕花苑 ,110.61,325.0,29383.0
3室2厅,江雁山水雅苑 ,108.28,335.0,30939.0
3室1厅,磨盘街 ,67.64,205.0,30308.0
3室2厅,江南名府 ,116.1,450.0,38760.0
2室1厅,万达新村 ,65.82,162.0,24613.0
3室2厅,江岸水城 ,99.48,215.0,21613.0
3室2厅,国信阅景龙华 ,117.25,265.0,22602.0
1室1厅,滨江花园西园 ,37.57,98.0,26085.0
3室2厅,恒辉翡翠花园 ,119.15,268.0,22493.0
3室2厅,东郊小镇第四街区 ,99.0,260.0,26263.0
2室1厅,长营村 ,72.25,165.0,22838.0
2室1厅,省电力公司宿舍 ,73.7,185.0,25102.0
2室1厅,海润枫景家园 ,91.96,175.0,19031.0
3室2厅,墨香山庄 ,130.71,420.0,32133.0
3室2厅,明月新寓 ,103.0,260.0,25243.0
2室2厅,水佐岗 ,87.58,330.0,37680.0
3室2厅,凤凰大街4号 ,124.84,255.0,20427.0
2室2厅,金陵新四村 ,69.21,150.0,21674.0
1室1厅,燕归园20号小区 ,41.93,80.0,19080.0
3室1厅,大纱帽巷38号 ,62.08,248.0,39949.0
2室1厅,益居园 ,57.95,165.0,28473.0
2室1厅,健园 ,50.25,138.0,27463.0
2室2厅,仙龙湾山庄 ,93.49,350.0,37438.0
3室2厅,诚品城 ,90.51,280.0,30936.0
2室2厅,银河湾紫苑 ,98.21,200.0,20365.0
3室1厅,沿河三村 ,61.43,168.0,27349.0
3室2厅,朗诗国际街区中园 ,141.34,666.0,47121.0
3室2厅,天地新城天一座 ,121.95,290.0,23781.0
2室1厅,南京恒大绿洲 ,89.63,268.0,29901.0
3室2厅,东郊小镇第四街区 ,103.44,205.0,19819.0
3室2厅,东郊小镇第三街区 ,103.35,199.0,19255.0
3室2厅,金龙花园 ,134.33,365.0,27172.0
2室2厅,左邻右里 ,100.0,350.0,35000.0
3室2厅,江雁山水雅苑 ,109.0,348.0,31927.0
3室2厅,朗晴名居 ,118.02,580.0,49145.0
2室1厅,赞成湖畔居 ,90.46,335.0,37033.0
2室2厅,三金福邸 ,85.7,285.0,33256.0
2室2厅,辰龙广场 ,102.56,470.0,45827.0
2室1厅,天印大道1201号 ,73.82,173.0,23436.0
4室2厅,澳丽嘉园 ,155.5,698.0,44888.0
2室2厅,圣源居 ,104.89,230.0,21928.0
2室2厅,东郊小镇第四街区 ,76.5,180.0,23530.0
3室2厅,东郊小镇第三街区 ,91.65,195.0,21277.0
4室2厅,嘉业阳光城云景苑二期 ,157.53,600.0,38088.0
2室1厅,金陵新二村 ,44.1,110.0,24944.0
4室2厅,天印花园 ,141.45,330.0,23330.0
2室1厅,柳营100号 ,48.22,128.0,26546.0
3室2厅,天地新城天权座 ,123.99,285.0,22986.0
2室2厅,百家湖国际花园 ,106.87,275.0,25733.0
3室1厅,雯锦雅苑 ,111.28,303.0,27229.0
3室2厅,幸福美地花园 ,110.02,215.0,19542.0
2室1厅,柳营100号 ,48.22,128.0,26546.0
3室2厅,天地新城天权座 ,123.99,285.0,22986.0
2室2厅,百家湖国际花园 ,106.87,275.0,25733.0
2室2厅,亚东观云国际 ,80.75,320.0,39629.0
2室1厅,天津新村 ,59.35,210.0,35384.0
2室2厅,威尼斯水城第七街区 ,87.54,190.0,21705.0
3室2厅,幸福美地花园 ,110.02,215.0,19542.0
2室2厅,明发城市广场 ,85.41,230.0,26929.0
3室2厅,万达紫金明珠 ,107.9,305.0,28267.0
3室1厅,雯锦雅苑 ,111.28,303.0,27229.0
3室2厅,南航揽翠苑 ,138.67,335.0,24159.0
2室2厅,锦绣花园紫桂园 ,76.72,163.0,21247.0
3室1厅,狗耳巷小区 ,70.6,210.0,29746.0
3室2厅,云锦美地合锦苑 ,112.5,460.0,40889.0
2室1厅,华侨公寓 ,73.36,240.0,32716.0
2室1厅,东景花园 ,72.71,252.0,34659.0
3室2厅,天地新城天柱座 ,102.65,263.0,25622.0
3室2厅,保利罗兰香谷 ,93.17,269.0,28872.0
3室2厅,颐和南园 ,171.72,395.0,23003.0
1室1厅,小纱帽巷 ,39.32,207.0,52645.0
3室2厅,墨香山庄 ,102.41,302.0,29490.0
3室2厅,苏宁千秋情缘花园 ,142.13,589.0,41441.0
3室2厅,富力城 ,93.08,256.0,27504.0
3室2厅,云锦美地聚锦苑 ,103.96,415.0,39920.0
3室2厅,南方花园瑞阳居 ,64.64,188.0,29085.0
2室2厅,时光澔韵 ,88.34,277.0,31357.0
3室1厅,名城世家花园 ,77.83,281.0,36105.0
2室1厅,东郊小镇第八街区 ,45.35,117.0,25800.0
2室1厅,德基紫金南苑 ,91.24,370.0,40553.0
2室1厅,今日家园丹桂居 ,66.64,240.0,36015.0
3室2厅,威尼斯水城第十一街区 ,117.19,260.0,22187.0
2室1厅,大香炉 ,66.3,180.0,27150.0
3室1厅,西桥花苑 ,89.04,265.0,29762.0
2室1厅,北苑二村 ,53.25,160.0,30047.0
3室2厅,仲景公寓 ,109.85,330.0,30041.0
1室1厅,光华园 ,41.77,122.0,29208.0
2室1厅,五台山1-3号 ,64.58,355.0,54971.0
3室1厅,劲顺花园 ,76.94,288.0,37432.0
2室2厅,东方龙湖湾 ,89.66,240.0,26768.0
4室1厅,揽月山庄 ,94.75,188.0,19842.0
2室1厅,虎踞关60号 ,57.87,300.0,51841.0
3室2厅,颐和南园 ,171.72,430.0,25041.0
4室2厅,清江花苑绿茵园 ,138.07,515.0,37300.0
3室2厅,天地新城天心座 ,116.86,280.0,23961.0
3室2厅,锦绣花园银桂园 ,113.83,216.0,18976.0
3室1厅,天悦花园 ,84.96,232.0,27307.0
6室3厅,东方龙湖湾 ,194.45,449.0,23091.0
2室2厅,天润城第十街区 ,82.85,169.5,20459.0
3室2厅,亲水湾花园 ,133.56,385.0,28826.0
3室2厅,雍景园小区 ,96.52,298.0,30875.0
2室1厅,钟山山庄 ,65.9,180.0,27315.0
3室2厅,莫愁花园海棠里 ,95.62,278.0,29074.0
2室1厅,八宝前街72号大院 ,60.4,195.0,32285.0
3室2厅,金城丽景南区 ,99.7,240.0,24073.0
3室2厅,金王府 ,170.27,350.0,20556.0
6室2厅,骋望骊都 ,193.37,430.0,22238.0
4室2厅,樱驼花园承乐园 ,83.1,258.0,31047.0
3室2厅,锦绣花园丹桂园 ,131.85,260.0,19720.0
6室2厅,湖心花园 ,103.04,340.0,32997.0
2室1厅,双乐园小区 ,49.57,149.0,30059.0
2室1厅,金陵新九村 ,60.25,138.0,22905.0
3室1厅,香格里拉东苑 ,110.77,500.0,45139.0
2室1厅,武夷绿洲观竹苑 ,68.52,192.0,28022.0
1室0厅,君临国际 ,39.95,149.0,37297.0
2室1厅,小市街 ,48.68,112.0,23008.0
2室1厅,文思新村 ,54.62,162.0,29660.0
1室1厅,朗诗熙园 ,48.03,172.0,35811.0
2室1厅,羊皮巷高层 ,70.72,248.0,35068.0
2室1厅,银城花园南片 ,64.37,375.0,58257.0
2室1厅,托乐嘉贵邻居 ,76.58,230.0,30034.0
2室1厅,后标营50号 ,63.0,210.0,33334.0
2室2厅,复成里 ,64.81,230.0,35489.0
3室2厅,万达紫金明珠 ,108.93,320.0,29377.0
4室2厅,锋尚国际公寓 ,192.76,888.0,46068.0
2室1厅,狗耳巷小区 ,63.11,230.0,36445.0
2室1厅,南堡新寓 ,68.39,169.0,24712.0
1室1厅,凤虹苑 ,38.07,114.0,29945.0
2室1厅,凤凰西街188号 ,61.67,200.0,32431.0
2室1厅,花园路15号 ,71.8,205.0,28552.0
2室1厅,金盛公寓 ,69.52,180.0,25892.0
1室1厅,兴贤佳园尚贤苑 ,44.5,119.0,26742.0
2室1厅,雨花新村三村 ,45.97,130.0,28280.0
2室1厅,卫岗西12号 ,81.75,267.0,32661.0
2室1厅,朝天宫西街102号 ,49.68,165.0,33213.0
2室1厅,回龙桥8号 ,56.72,153.0,26975.0
2室1厅,华侨新村华泰苑 ,78.85,250.0,31706.0
2室1厅,锁金六村 ,51.46,155.0,30121.0
2室1厅,玉带园 ,58.85,170.0,28888.0
2室1厅,俞家巷 ,48.98,260.0,53083.0
2室1厅,北阴阳营 ,58.8,176.0,29932.0
2室1厅,樱铁村小区 ,54.75,148.0,27032.0
2室1厅,雨花新村五村 ,60.38,198.8,32925.0
2室1厅,广东路21至44号 ,51.39,168.0,32692.0
2室1厅,华隆新寓一村 ,66.77,230.0,34447.0
2室1厅,汉中门外大街105号 ,61.64,260.0,42181.0
2室1厅,正泰花苑 ,91.65,300.0,32734.0
1室1厅,贡园 ,44.07,128.0,29045.0
2室1厅,金盛公寓 ,69.52,180.0,25892.0
5室3厅,奥体新城清竹园 ,197.56,900.0,45556.0
1室1厅,左邻右里家园泊客公寓 ,49.58,123.0,24809.0
1室1厅,凤凰新村 ,38.57,155.0,40187.0
2室1厅,北门桥小区 ,79.57,230.0,28906.0
2室1厅,十字街70号 ,78.19,206.0,26347.0
2室1厅,虹苑新寓一村 ,62.62,180.0,28745.0
4室2厅,云锦美地汇锦苑 ,210.34,736.0,34991.0
3室1厅,磨盘街 ,73.36,216.0,29444.0
3室1厅,绣花巷8号 ,62.74,178.0,28372.0
1室1厅,华保新寓 ,40.87,170.0,41596.0
2室1厅,旭日华庭金棕榈7至12幢 ,76.96,185.0,24039.0
5室3厅,黄埔鑫园 ,168.05,572.0,34038.0
2室1厅,琵琶小区 ,51.68,165.0,31928.0
2室1厅,盈家春天 ,64.75,145.0,22394.0
2室1厅,广东路 ,48.73,180.0,36939.0
1室1厅,凤虹苑 ,38.07,114.0,29945.0
2室1厅,凤凰西街188号 ,61.67,200.0,32431.0
1室1厅,大地伊丽雅特湾 ,59.31,195.0,32879.0
2室1厅,来凤里 ,47.26,130.0,27508.0
2室2厅,翠屏清华园 ,99.13,270.0,27237.0
2室2厅,翠屏清华园 ,99.13,270.0,27237.0
2室1厅,银城花园南片 ,61.85,375.0,60631.0
2室1厅,万科金域蓝湾 ,88.93,316.0,35534.0
2室2厅,良城美景家园 ,90.92,310.0,34096.0
2室1厅,五马街 ,54.72,150.0,27413.0
3室2厅,明发滨江新城三期 ,120.86,270.0,22340.0
2室1厅,武夷绿洲赏桂苑 ,91.76,245.0,26701.0
3室2厅,江南名府 ,116.84,439.0,37573.0
2室1厅,科巷新寓 ,69.69,225.0,32286.0
2室1厅,天目路 ,59.55,320.0,53737.0
1室1厅,常府风华苑 ,54.33,138.0,25401.0
5室2厅,京隆名爵府 ,197.37,630.0,31920.0
3室1厅,南湾营馨康苑 ,84.88,174.0,20500.0
2室1厅,名城世家花园 ,75.91,279.0,36755.0
2室1厅,石婆婆巷 ,55.98,178.0,31798.0
2室1厅,华阳佳园华彩苑 ,47.04,170.0,36140.0
2室1厅,唱经楼西街 ,75.39,230.0,30509.0
1室1厅,同曦新贵之都 ,46.47,136.0,29267.0
1室1厅,城市之光大厦 ,57.19,119.0,20808.0
2室1厅,小杨村小区 ,57.25,185.0,32315.0
2室1厅,凤凰街 ,52.73,190.0,36033.0
2室1厅,碧水湾花园 ,81.0,203.0,25062.0
3室2厅,时光澔韵 ,108.37,363.0,33497.0
4室2厅,文化名园聚龙阁 ,168.45,460.0,27308.0
3室1厅,中海万锦熙岸一期 ,120.49,320.0,26559.0
2室1厅,南湾营文康苑 ,65.13,169.0,25949.0
2室1厅,燕江园小区 ,51.89,130.0,25053.0
2室1厅,上元里 ,54.47,130.0,23867.0
1室1厅,南方花园枫彩园 ,38.73,105.0,27111.0
2室1厅,康居里 ,60.21,162.0,26906.0
1室1厅,南方花园枫彩园 ,38.73,105.0,27111.0
2室1厅,康居里 ,60.21,162.0,26906.0
3室2厅,香格里拉花园 ,132.22,520.0,39329.0
2室1厅,海都嘉园 ,70.24,160.0,22780.0
2室1厅,大锏银巷 ,68.41,205.0,29967.0
2室1厅,佛心桥 ,64.68,174.0,26902.0
2室1厅,南湾营文康苑 ,65.13,169.0,25949.0
2室1厅,燕江园小区 ,51.89,130.0,25053.0
2室1厅,北阴阳营 ,65.29,180.0,27570.0
1室1厅,银河湾福苑 ,51.06,193.0,37799.0
4室2厅,百家湖西花园伦敦城 ,140.54,350.0,24904.0
3室2厅,百家湖西花园巴黎城 ,95.3,286.0,30011.0
4室2厅,华汇康城 ,150.05,230.0,15329.0
2室2厅,逸仙名居 ,143.78,530.0,36862.0
2室1厅,郭家山29号 ,64.75,140.0,21622.0
6室3厅,莱茵东郡 ,192.79,450.0,23342.0
2室2厅,银河湾紫苑 ,91.71,190.0,20718.0
3室1厅,吉庆家园仲夏苑 ,95.13,270.0,28383.0
3室2厅,佳日雅苑 ,104.79,440.0,41989.0
2室2厅,江滨新寓 ,57.33,232.0,40468.0
2室1厅,樱驼花园华康苑 ,62.16,175.0,28154.0
2室1厅,百水芊城秀水坊 ,63.86,155.0,24272.0
1室1厅,长虹路449号 ,48.13,125.0,25972.0
2室1厅,康福村 ,53.83,135.0,25079.0
3室1厅,青岛路小区 ,68.86,286.0,41534.0
2室1厅,双井巷 ,57.7,300.0,51994.0
3室2厅,儒林雅居 ,119.44,547.0,45798.0
2室1厅,上海路 ,59.7,200.0,33501.0
2室2厅,东方红郡 ,85.33,220.0,25783.0
2室2厅,城开家园 ,99.63,340.0,34127.0
2室1厅,挪威森林 ,90.25,260.0,28809.0
2室1厅,砂珠巷小区 ,76.19,262.0,34388.0
4室2厅,爱达花园紫藤园 ,136.96,365.0,26651.0
3室2厅,桃园人家 ,122.94,500.0,40671.0
2室1厅,华隆新寓一村 ,87.67,285.0,32509.0
3室2厅,仙龙湾山庄 ,119.58,420.0,35123.0
4室2厅,北江锦城 ,155.0,380.0,24517.0
4室2厅,金地自在城第一街区 ,142.73,368.0,25783.0
2室1厅,大华锦绣华城乐美颂 ,78.98,182.0,23044.0
2室1厅,进香河 ,62.76,330.0,52582.0
4室2厅,欧陆经典花园 ,89.55,296.0,33055.0
2室1厅,东郊小镇第四街区 ,79.49,164.0,20632.0
3室2厅,吉庆家园仲夏苑 ,90.88,290.0,31911.0
3室1厅,万裕龙庭水岸 ,105.06,256.0,24368.0
3室2厅,天地新城天柱座 ,105.45,263.0,24941.0
2室2厅,和府奥园 ,87.13,426.0,48893.0
4室2厅,紫峰公馆 ,130.77,458.0,35024.0
2室2厅,壹城逸境 ,91.22,308.0,33765.0
2室2厅,银城千花溪 ,63.76,245.0,38426.0
3室2厅,中海万锦熙岸一期 ,93.67,231.0,24662.0
2室2厅,天地新城天玑座 ,87.51,230.0,26283.0
5室2厅,百家湖西花园巴黎城 ,162.95,480.0,29457.0
3室2厅,碧玉苑 ,108.67,280.0,25767.0
3室2厅,保利梧桐语花园 ,91.0,246.0,27033.0
3室2厅,墨香山庄 ,98.89,310.0,31348.0
3室1厅,三步两桥 ,75.88,270.0,35583.0
4室2厅,同曦艺术家园 ,149.22,438.0,29353.0
2室1厅,常府街 ,98.96,310.0,31326.0
3室2厅,亚东城西区 ,129.69,380.0,29301.0
2室1厅,江佑铂庭 ,83.01,222.0,26744.0
3室2厅,天正天御溪岸B区 ,96.96,255.0,26300.0
3室2厅,百家湖国际花园 ,105.4,263.0,24953.0
2室2厅,华汇康城 ,85.72,162.0,18899.0
3室2厅,滨江奥城观澜苑 ,118.72,500.0,42116.0
3室2厅,新城市假日 ,124.8,575.0,46074.0
3室2厅,金地自在城第二街区 ,86.55,200.0,23109.0
2室1厅,常府街 ,98.96,310.0,31326.0
3室2厅,亚东城西区 ,129.69,380.0,29301.0
2室1厅,江佑铂庭 ,83.01,222.0,26744.0
2室2厅,东方龙湖湾 ,88.48,230.0,25995.0
2室2厅,润花园 ,86.09,375.0,43560.0
3室1厅,黄方村1号 ,68.67,150.0,21844.0
2室2厅,文鼎雅苑 ,89.07,238.0,26721.0
2室1厅,秣陵路 ,66.21,210.0,31718.0
3室1厅,棉鞋营 ,92.75,265.0,28572.0
3室1厅,中央路 ,78.22,225.0,28766.0
3室1厅,百家湖西花园伦敦城 ,79.64,258.0,32396.0
3室2厅,明发滨江新城三期 ,113.13,230.0,20331.0
3室2厅,百家湖国际花园 ,111.76,280.0,25054.0
3室2厅,保利罗兰香谷 ,93.82,279.0,29738.0
2室1厅,永嘉年华 ,80.22,355.0,44254.0
3室2厅,市政天元城 ,55.76,195.0,34972.0
2室2厅,瑞鑫兰庭 ,56.08,240.0,42797.0
4室2厅,明发滨江新城三期 ,141.44,250.0,17676.0
2室2厅,武夷绿洲品茗苑 ,82.94,232.0,27973.0
3室2厅,江南青年城翠湾苑 ,117.4,245.0,20869.0
3室2厅,江南青年城蓝水苑 ,114.84,240.0,20899.0
3室2厅,春江新城牛首坊 ,98.52,235.0,23854.0
5室2厅,紫园 ,206.58,880.0,42599.0
2室1厅,雅居乐花园 ,72.87,268.0,36778.0
3室2厅,市政天元城 ,55.76,195.0,34972.0
2室1厅,万达西地一期 ,87.35,395.0,45221.0
2室1厅,雅居乐花园 ,72.87,268.0,36778.0
2室1厅,蓝岸尚城 ,50.45,187.0,37067.0
3室2厅,万达华府东苑 ,104.53,560.0,53574.0
3室1厅,莫愁花园牡丹里 ,63.14,220.0,34844.0
3室1厅,南理工小区紫园小区 ,70.17,275.0,39191.0
2室2厅,丹佛小镇 ,58.27,162.0,27802.0
2室1厅,小火瓦巷 ,83.09,365.0,43929.0
2室2厅,诚基名苑 ,48.19,182.0,37768.0
2室2厅,威尼斯水城第十五街区 ,88.13,190.0,21560.0
2室1厅,金银街17号 ,63.26,215.0,33987.0
2室2厅,天地新城天玑座 ,85.24,219.0,25693.0
2室1厅,金王府 ,67.7,220.0,32497.0
3室2厅,蓝岸尚城 ,50.15,176.0,35095.0
3室1厅,永庆村小区 ,72.2,470.0,65097.0
3室2厅,爱秦湾 ,98.16,299.0,30461.0
2室1厅,迈皋桥街79号 ,48.44,120.0,24773.0
2室2厅,旭日爱上城第四区南区 ,83.03,210.0,25293.0
3室2厅,挪威森林 ,121.38,339.0,27929.0
1室1厅,归云堂 ,39.16,100.0,25537.0
2室1厅,沿河二村 ,55.66,165.0,29645.0
2室1厅,龙福山庄 ,66.29,215.0,32434.0
2室2厅,宁工新寓二村 ,66.53,245.0,36826.0
2室1厅,小卫街 ,66.2,216.0,32629.0
2室2厅,凤凰花园城福安园 ,80.78,360.0,44566.0
1室2厅,鸿意星城 ,68.06,205.0,30121.0
2室1厅,来凤新村 ,77.2,270.0,34975.0
1室1厅,花开园 ,45.64,165.0,36153.0
2室1厅,琵琶小区 ,55.7,165.0,29623.0
2室1厅,凤凰西街57号 ,58.1,198.0,34080.0
2室1厅,莫愁路 ,59.51,165.0,27727.0
2室1厅,观门口北村 ,61.94,158.0,25509.0
2室1厅,鸿邺大厦 ,74.53,218.0,29250.0
2室1厅,时代雅居 ,63.8,172.0,26960.0
2室1厅,沿河一村 ,55.71,157.0,28182.0
2室1厅,虹苑新寓一村 ,63.8,165.0,25863.0
2室1厅,富贵山小区 ,57.88,170.0,29372.0
2室2厅,地和苑 ,84.72,186.0,21955.0
2室1厅,佛心桥 ,54.98,154.0,28011.0
2室1厅,凤凰庄 ,40.45,142.0,35106.0
2室1厅,西桥 ,52.64,158.0,30016.0
2室1厅,新天地花园 ,75.74,220.0,29047.0
2室2厅,亚东国际公寓 ,87.13,314.0,36039.0
2室1厅,莫愁花园芙蓉里 ,76.48,228.0,29812.0
2室1厅,仓顶 ,47.01,185.0,39354.0
2室1厅,龙福花园 ,61.83,188.0,30406.0
2室1厅,莫愁新寓胜棋里 ,64.42,193.0,29960.0
2室2厅,江滨新寓 ,60.56,208.0,34347.0
3室1厅,银河湾紫苑 ,122.08,280.0,22936.0
2室1厅,后标营 ,52.92,142.0,26833.0
2室1厅,樱铁村小区 ,56.26,148.0,26307.0
2室1厅,环宇家园 ,94.68,210.0,22180.0
3室1厅,匡庐路 ,81.25,548.0,67447.0
2室2厅,瀛洲湾 ,96.87,232.0,23950.0
2室1厅,鼓教新村 ,71.17,238.0,33442.0
2室1厅,曹后村9号小区 ,56.73,129.0,22740.0
2室1厅,小火瓦巷 ,60.58,205.0,33840.0
1室1厅,凯润金城 ,51.62,206.0,39908.0
5室3厅,富丽山庄 ,105.52,315.0,29853.0
3室1厅,富丽山庄 ,75.33,218.0,28940.0
3室2厅,钱塘望景花园 ,110.66,245.0,22140.0
5室3厅,富丽山庄 ,105.52,315.0,29853.0
1室1厅,康居里 ,39.16,116.0,29623.0
3室2厅,诚品城 ,98.89,270.0,27304.0
3室1厅,兆园 ,75.05,209.0,27849.0
3室2厅,诚品城 ,98.81,270.0,27326.0
3室2厅,银河湾紫苑 ,107.0,235.0,21963.0
3室2厅,钟山花园城博雅居 ,102.82,455.0,44253.0
4室2厅,东郊小镇第四街区 ,129.84,220.0,16944.0
3室2厅,蓝岸尚城 ,50.82,189.0,37191.0
3室2厅,月牙湖花园 ,128.43,449.0,34961.0
3室2厅,梅花山庄丽景苑 ,104.12,373.0,35825.0
3室2厅,万科金色半山 ,86.59,220.0,25408.0
3室1厅,南湾营馨康苑 ,84.88,167.0,19675.0
3室2厅,万科金域蓝湾 ,113.99,420.0,36846.0
3室1厅,天润城第十二街区 ,91.85,218.0,23735.0
2室1厅,西一新村 ,57.75,215.0,37230.0
3室2厅,黄埔鑫园 ,98.34,365.0,37117.0
3室2厅,天润城第九街区 ,114.02,245.0,21488.0
2室1厅,天坛新寓 ,58.38,165.0,28264.0
2室2厅,天润城第十四街区 ,69.62,169.0,24275.0
2室2厅,东方天郡西区 ,77.28,300.0,38820.0
4室2厅,枫丹白露枫丹花园 ,142.38,526.0,36944.0
2室1厅,赞成湖畔居 ,91.52,310.0,33873.0
2室1厅,兴贤佳园 ,69.62,170.0,24419.0
1室1厅,亚东城东区 ,51.81,190.0,36673.0
2室1厅,水佑岗 ,53.08,185.0,34854.0
2室1厅,银城花园北片 ,52.03,270.0,51894.0
2室1厅,板仓街 ,52.95,140.0,26441.0
2室2厅,龙翔鸣翠苑 ,93.65,318.0,33957.0
1室1厅,北门桥小区 ,55.45,168.5,30388.0
3室2厅,明发滨江新城二期 ,110.07,250.0,22713.0
2室2厅,大华锦绣华城榴美颂 ,88.26,212.0,24020.0
2室1厅,雨花西路 ,57.41,155.0,26999.0
2室1厅,金陵新九村 ,69.75,166.0,23800.0
2室1厅,淮海新村 ,58.84,220.0,37390.0
1室1厅,亚东城西区 ,48.24,173.0,35863.0
2室1厅,鱼市街小区 ,61.28,168.0,27416.0
2室1厅,营苑新寓 ,69.15,160.0,23139.0
2室2厅,东方天郡西区 ,77.28,300.0,38820.0
2室1厅,凯润金城 ,100.41,390.0,38841.0
2室1厅,莺虹苑 ,64.24,155.0,24129.0
2室1厅,兴隆巷 ,49.55,138.0,27851.0
3室2厅,天地新城天心座 ,113.02,272.0,24067.0
4室3厅,威尼斯水城第二街区 ,93.61,315.0,33651.0
1室1厅,殷高巷 ,39.28,116.0,29532.0
2室1厅,大桥新村 ,53.96,140.0,25946.0
2室1厅,金鹏大厦 ,60.2,420.0,69768.0
2室1厅,江滨新寓 ,57.35,205.0,35746.0
5室2厅,威尼斯水城第十四街区 ,127.68,275.0,21539.0
2室1厅,游府新村 ,57.57,365.0,63402.0
1室1厅,天安恒隆花园 ,50.4,165.0,32739.0
2室1厅,长虹路389号 ,52.78,150.0,28420.0
2室1厅,金陵新九村 ,51.51,129.0,25044.0
2室1厅,金川新寓 ,62.4,160.0,25642.0
2室1厅,共青团路 ,67.03,168.0,25064.0
6室2厅,彩虹苑 ,133.77,410.0,30650.0
2室1厅,安如村 ,62.05,156.0,25142.0
3室2厅,万达紫金明珠 ,123.51,425.0,34411.0
2室2厅,饮虹园 ,76.79,203.0,26436.0
1室1厅,庆盛园 ,44.5,110.0,24720.0
1室1厅,扇骨营35号院 ,42.59,112.0,26298.0
2室1厅,金陵新四村 ,58.99,140.0,23733.0
2室1厅,双龙巷 ,50.31,170.0,33791.0
3室1厅,长乐路 ,70.44,199.0,28251.0
2室1厅,菊花新村三村 ,58.19,139.0,23888.0
2室1厅,营苑西村 ,41.28,105.0,25437.0
3室1厅,苜蓿园山庄 ,64.4,160.0,24845.0
3室2厅,东郊小镇第四街区 ,85.8,178.0,20746.0
2室1厅,东郊小镇邻里中心 ,39.73,120.0,30204.0
3室2厅,旭日华庭 ,131.57,306.0,23258.0
2室2厅,鸿信清新家园 ,86.75,270.0,31124.0
2室1厅,建康花苑 ,80.42,215.0,26735.0
3室2厅,东郊小镇第四街区 ,90.48,185.0,20447.0
3室1厅,托乐嘉友邻居 ,131.91,360.0,27292.0
3室1厅,金宝花园 ,90.66,290.0,31988.0
3室2厅,海润枫景家园 ,100.56,189.0,18795.0
3室2厅,天润城第七街区 ,108.49,230.0,21201.0
4室2厅,世贸大厦 ,161.75,580.0,35858.0
2室1厅,四方新村五村 ,66.88,178.0,26615.0
3室2厅,北江锦城 ,138.0,330.0,23914.0
2室1厅,四方新村七村 ,67.38,182.0,27011.0
3室1厅,尚景公寓 ,64.83,198.0,30542.0
1室2厅,鸿意星城 ,67.1,207.0,30850.0
2室1厅,广博苑 ,62.73,159.0,25347.0
3室3厅,银轮花园 ,89.41,310.0,34672.0
3室3厅,腾达雅苑 ,141.89,375.0,26429.0
3室2厅,云锦美地绮云居 ,102.58,388.0,37825.0
3室2厅,亚东城东区 ,131.61,430.0,32673.0
2室1厅,仓顶 ,57.85,158.0,27313.0
2室1厅,乔虹苑 ,50.31,145.0,28822.0
4室2厅,天水雅居 ,140.19,292.0,20829.0
3室2厅,南农大小区 ,92.6,330.0,35638.0
2室2厅,天润城第七街区 ,97.73,188.0,19237.0
2室1厅,台园 ,63.75,212.0,33255.0
2室1厅,四方新村一村 ,62.48,175.0,28009.0
3室1厅,艺苑村 ,73.86,240.0,32494.0
3室2厅,佳盛花园 ,111.21,339.0,30483.0
2室2厅,时光澔韵 ,87.7,290.0,33068.0
2室2厅,聚福园一期 ,84.79,497.0,58616.0
1室1厅,盛和家园 ,61.45,128.0,20830.0
2室1厅,演武新村 ,46.04,138.0,29974.0
2室1厅,锁金二村 ,56.98,173.0,30362.0
3室1厅,话园 ,75.97,228.0,30012.0
2室1厅,成贤街 ,61.45,310.0,50448.0
3室1厅,场门口2号 ,72.3,286.0,39558.0
2室2厅,鸿仁名居 ,95.91,346.0,36076.0
1室1厅,市政天元城 ,47.68,136.0,28524.0
2室1厅,宏普捷座 ,48.07,258.0,53672.0
2室1厅,月苑四村 ,68.35,190.0,27799.0
3室1厅,豆菜桥小区 ,77.67,290.0,37338.0
3室1厅,瑞金北村 ,69.84,286.0,40951.0
2室2厅,中北英郡 ,87.25,428.0,49055.0
2室2厅,东景花园 ,77.8,230.0,29563.0
2室2厅,天润城第十一街区 ,84.09,184.0,21882.0
2室1厅,南东瓜市 ,54.72,215.0,39291.0
4室2厅,美达浅草明苑 ,103.75,395.0,38073.0
5室2厅,后标营38号 ,129.43,335.0,25883.0
4室2厅,泰和园 ,63.39,259.0,40859.0
2室1厅,后宰门东村 ,57.6,158.0,27431.0
2室1厅,上元路68号 ,78.0,170.0,21795.0
1室1厅,汇金旗林大厦 ,54.0,137.0,25371.0
2室1厅,丰富路 ,61.82,170.0,27500.0
2室2厅,金墙花苑 ,77.19,232.0,30056.0
2室1厅,南堡新寓 ,63.34,180.0,28419.0
2室1厅,宁工新寓一村 ,65.91,258.0,39145.0
2室1厅,华侨新村华泰苑 ,70.46,180.0,25547.0
3室2厅,裕华新村 ,111.14,420.0,37791.0
4室2厅,美达浅草明苑 ,103.75,395.0,38073.0
5室2厅,后标营38号 ,129.43,335.0,25883.0
2室1厅,红庙小区 ,54.42,172.0,31607.0
2室1厅,石头城新村 ,50.64,160.0,31596.0
2室1厅,花园路7号 ,61.21,172.0,28100.0
2室1厅,阳光里 ,63.17,170.0,26912.0
2室1厅,石头城 ,58.33,184.0,31545.0
2室1厅,牵牛巷 ,70.5,202.0,28653.0
2室1厅,紫竹林 ,57.56,180.0,31272.0
2室1厅,天安恒隆花园 ,69.15,255.0,36877.0
2室1厅,新天地花园 ,59.22,166.0,28032.0
2室1厅,钟灵街54号 ,52.85,150.0,28383.0
2室1厅,劲顺花园 ,52.23,192.0,36761.0
2室1厅,武学园小区 ,73.02,240.0,32868.0
2室1厅,贡园 ,63.87,180.0,28183.0
2室1厅,雅居乐花园 ,77.72,313.0,40273.0
2室2厅,富丽山庄 ,90.73,289.0,31853.0
4室2厅,融侨观邸一期 ,140.04,325.0,23208.0
3室1厅,康达花园城 ,79.95,185.0,23140.0
2室1厅,南林一村 ,65.96,205.0,31080.0
2室1厅,象房村 ,55.28,169.8,30717.0
2室2厅,天华硅谷 ,90.01,198.0,21998.0
2室2厅,挪威森林 ,100.28,270.0,26925.0
2室1厅,岗虹苑 ,63.06,175.0,27752.0
3室2厅,天润城第十四街区 ,86.07,196.0,22773.0
2室1厅,石榴新村 ,50.69,158.0,31170.0
3室2厅,揽月山庄 ,100.37,200.0,19927.0
2室1厅,东郊小镇第三街区 ,65.65,140.0,21326.0
2室1厅,山阴路 ,57.36,490.0,85426.0
1室1厅,天地新城天柱座 ,35.0,82.0,23429.0
2室2厅,中海塞纳丽舍西苑 ,91.69,550.0,59985.0
2室1厅,德盈大厦 ,49.84,240.0,48155.0
3室1厅,钓鱼巷小区 ,72.05,250.0,34699.0
3室2厅,融侨世家 ,94.56,260.0,27496.0
3室1厅,地矿研究所住宅 ,77.32,248.0,32075.0
2室2厅,墨香山庄 ,90.69,270.0,29772.0
3室1厅,泰和园 ,77.45,245.0,31634.0
2室2厅,旭日爱上城第四区南区 ,74.2,193.0,26011.0
2室2厅,新亚苑 ,74.95,236.0,31488.0
3室1厅,百水芊城丽水坊 ,83.0,176.0,21205.0
2室2厅,怡景花园 ,56.18,450.0,80100.0
3室1厅,吉庆家园逢春苑 ,90.88,297.0,32681.0
3室2厅,苏宁名都汇 ,101.49,315.0,31038.0
2室2厅,九龙雅苑 ,100.08,318.0,31775.0
2室1厅,蓝旗新村北区 ,49.18,149.0,30297.0
3室2厅,仙龙湾山庄 ,119.61,410.0,34279.0
2室2厅,御河新村 ,71.29,255.0,35770.0
3室1厅,金湾花园 ,88.19,325.0,36853.0
5室2厅,金地自在城第一街区 ,170.42,450.0,26406.0
3室2厅,钟山花园城山水居 ,137.72,490.0,35580.0
3室2厅,钟山花园城陶然居 ,112.84,486.0,43070.0
3室2厅,南砖新村 ,89.86,168.0,18696.0
4室3厅,建宁路18号小区 ,75.76,248.0,32735.0
3室2厅,东方熙龙山院 ,201.52,515.0,25556.0
2室2厅,北晨雅居 ,87.86,175.0,19919.0
3室2厅,威尼斯水城第三街区 ,128.74,295.0,22915.0
2室1厅,碧水湾花园 ,80.9,198.0,24475.0
2室1厅,来凤街 ,53.53,168.0,31385.0
3室2厅,蓝岸尚城 ,59.63,228.0,38236.0
2室1厅,文思新村 ,51.66,151.0,29230.0
3室2厅,世纪东山 ,98.36,198.0,20131.0
2室1厅,八宝前街58号 ,70.03,195.0,27846.0
2室2厅,威尼斯水城第十四街区 ,88.96,196.0,22033.0
3室1厅,华安新村 ,80.96,285.0,35203.0
3室2厅,东郊小镇第四街区 ,88.66,178.0,20077.0
2室1厅,后宰门东村84号 ,55.05,160.0,29065.0
2室0厅,后宰门街32号 ,36.59,110.0,30063.0
2室1厅,磨盘街 ,54.07,175.0,32366.0
2室1厅,百家湖国际花园 ,87.71,243.0,27705.0
3室1厅,北阴阳营8号 ,81.85,251.0,30666.0
2室2厅,金轮第一城 ,84.33,260.0,30832.0
2室1厅,康业里 ,62.75,168.0,26773.0
2室1厅,金陵天成 ,75.42,175.0,23204.0
3室2厅,天悦花园 ,102.3,288.0,28153.0
4室2厅,御水湾花园 ,110.41,415.0,37588.0
3室2厅,天润城第十二街区 ,93.94,228.0,24271.0
1室1厅,佛心桥 ,43.89,120.0,27342.0
2室1厅,长营村 ,65.23,160.0,24529.0
2室2厅,东城风景 ,73.73,190.0,25770.0
2室1厅,光华园 ,60.64,152.0,25066.0
2室2厅,金轮第一城 ,84.33,260.0,30832.0
2室1厅,康业里 ,62.75,168.0,26773.0
2室1厅,金陵天成 ,75.42,175.0,23204.0
3室2厅,天悦花园 ,102.3,288.0,28153.0
4室2厅,御水湾花园 ,110.41,415.0,37588.0
3室2厅,天润城第十二街区 ,93.94,228.0,24271.0
1室1厅,佛心桥 ,43.89,120.0,27342.0
2室1厅,长营村 ,65.23,160.0,24529.0
2室2厅,东城风景 ,73.73,190.0,25770.0
2室1厅,光华园 ,60.64,152.0,25066.0
2室1厅,台园 ,63.69,170.0,26692.0
2室2厅,亲水湾花园 ,95.04,265.0,27883.0
2室1厅,江苏路 ,59.29,183.0,30866.0
3室2厅,江岸水城 ,106.82,213.0,19941.0
2室1厅,后半山园4号 ,54.77,140.0,25562.0
2室1厅,象房新村 ,63.04,160.0,25381.0
3室2厅,都市名园 ,115.32,438.0,37982.0
2室2厅,时光澔韵 ,85.59,288.0,33649.0
2室1厅,科巷新寓 ,71.1,227.0,31927.0
3室2厅,弘阳旭日上城三区 ,126.73,316.0,24935.0
2室1厅,德基紫金南苑 ,90.34,366.0,40514.0
2室1厅,象房村 ,54.83,156.0,28452.0
2室1厅,扇骨里小区 ,50.46,125.0,24773.0
3室2厅,丹佛小镇 ,89.9,252.0,28032.0
3室2厅,仙鹤山庄 ,102.44,248.0,24210.0
3室1厅,宇秦园 ,74.82,228.0,30474.0
2室2厅,挪威森林 ,98.56,269.0,27294.0
3室1厅,双乐园小区 ,57.79,180.0,31148.0
2室1厅,北苑三村 ,68.64,195.0,28410.0
2室1厅,名城世纪园 ,78.8,312.0,39594.0
4室1厅,虎踞关43号 ,97.25,389.0,40000.0
3室2厅,金基汇锦国际 ,62.66,350.0,55858.0
3室1厅,霞光里小区 ,85.08,258.0,30325.0
2室2厅,墨香山庄 ,94.06,265.0,28174.0
3室2厅,樱驼花园承乐园 ,78.96,208.0,26343.0
3室1厅,凤凰西街188号 ,75.58,226.0,29903.0
3室2厅,和府奥园 ,132.13,610.0,46167.0
2室1厅,郑和国际广场 ,96.09,385.0,40067.0
2室1厅,东郊小镇第二街区 ,64.79,145.0,22380.0
2室1厅,华隆新寓一村 ,53.72,176.0,32763.0
2室1厅,名城世纪园 ,78.8,312.0,39594.0
2室1厅,北苑三村 ,68.64,195.0,28410.0
3室2厅,钟山晶典苑 ,113.52,345.0,30392.0
2室2厅,金陵尚府 ,93.96,410.0,43636.0
3室2厅,江岸水城 ,117.33,215.0,18325.0
2室1厅,天目路 ,51.01,300.0,58812.0
2室2厅,澄园 ,78.0,260.0,33334.0
2室2厅,金陵名人居 ,112.92,470.0,41623.0
3室2厅,诚品城 ,90.66,249.0,27466.0
3室1厅,侯家桥 ,73.52,220.0,29924.0
3室2厅,明月港湾星河湾 ,124.31,298.0,23973.0
2室1厅,金地名京 ,62.21,280.0,45009.0
3室2厅,高尔夫国际花园 ,146.25,336.0,22975.0
3室1厅,银河湾福苑 ,89.13,420.0,47123.0
3室1厅,苏宁千秋情缘花园 ,132.5,580.0,43774.0
2室1厅,恒基中心公寓 ,69.0,220.0,31885.0
2室1厅,旭日景城 ,81.41,265.0,32552.0
3室1厅,苏宁睿城 ,130.85,665.0,50822.0
3室2厅,定淮门大街 ,113.92,410.0,35991.0
3室1厅,高尔夫国际花园 ,127.74,389.0,30453.0
3室2厅,诚品城 ,90.66,249.0,27466.0
2室1厅,金地名京 ,62.21,280.0,45009.0
2室2厅,天润城第十四街区 ,65.78,155.0,23564.0
3室2厅,高尔夫国际花园 ,146.25,336.0,22975.0
3室2厅,定淮门大街 ,113.92,410.0,35991.0
3室1厅,高尔夫国际花园 ,127.74,389.0,30453.0
2室2厅,上海路154至158号 ,62.98,198.0,31439.0
3室2厅,托乐嘉睦邻居 ,125.37,360.0,28716.0
3室0厅,武定新村 ,62.06,158.0,25460.0
2室1厅,黄鹂新村 ,63.2,190.0,30064.0
1室1厅,中粮彩云居 ,38.02,106.0,27881.0
2室2厅,东城水岸 ,92.89,376.0,40478.0
4室2厅,金基唐城 ,142.54,600.0,42094.0
2室2厅,合家春天 ,76.64,205.0,26749.0
2室2厅,天润城第十二街区 ,81.01,188.0,23208.0
2室2厅,鸿意万嘉 ,73.29,208.0,28381.0
3室2厅,市政天元城 ,121.42,335.0,27591.0
5室2厅,江南文枢苑云泊居 ,215.75,390.0,18077.0
2室1厅,凤凰西街188号 ,61.67,190.0,30810.0
5室1厅,仙霞路 ,127.94,815.0,63702.0
5室2厅,欧洲城凯旋丽都花园 ,172.41,680.0,39441.0
2室2厅,亲水湾花园 ,96.67,278.0,28758.0
2室2厅,天润城第十二街区 ,72.47,181.0,24976.0
3室1厅,中和桥5号 ,82.22,212.0,25785.0
3室2厅,亚东城西区 ,129.69,380.0,29301.0
2室2厅,秦淮绿洲北苑 ,92.0,270.0,29348.0
2室1厅,托乐嘉贵邻居 ,76.58,238.0,31079.0
2室2厅,时光澔韵 ,85.91,295.0,34339.0
3室2厅,庆园 ,104.65,366.0,34974.0
2室2厅,明月港湾星河湾 ,88.81,248.0,27925.0
2室1厅,安泰村 ,77.73,235.0,30233.0
2室1厅,来凤新村 ,71.23,245.0,34396.0
2室1厅,二条巷 ,76.38,268.0,35088.0
4室2厅,金地自在城第八街区 ,113.51,273.0,24051.0
4室2厅,保利梧桐语花园 ,140.97,345.0,24474.0
3室2厅,嘉顺时代广场 ,96.57,260.0,26924.0
3室2厅,东方天郡西区 ,111.83,428.0,38273.0
3室2厅,爱涛尚逸华府 ,118.46,310.0,26170.0
2室1厅,东井村22号 ,60.14,175.0,29099.0
2室1厅,丰富路 ,52.34,180.0,34391.0
2室1厅,十字街小区 ,61.44,158.0,25717.0
3室1厅,御河新村 ,91.01,295.0,32415.0
2室1厅,小卫街 ,66.51,215.0,32326.0
2室2厅,大华锦绣华城香邑美颂 ,81.54,203.0,24896.0
3室2厅,大阳沟 ,95.02,280.0,29468.0
2室2厅,武夷商城 ,91.13,242.0,26556.0
4室2厅,月安花园邀月居 ,151.08,630.0,41700.0
3室1厅,东郊小镇第五街区 ,88.3,163.0,18460.0
2室1厅,托乐嘉贵邻居 ,76.58,238.0,31079.0
2室2厅,时光澔韵 ,85.91,295.0,34339.0
3室2厅,庆园 ,104.65,366.0,34974.0
2室2厅,明月港湾星河湾 ,88.81,248.0,27925.0
2室2厅,中北蔚蓝星座 ,96.21,376.0,39082.0
2室2厅,秦淮绿洲北苑 ,92.0,270.0,29348.0
3室2厅,康润园 ,72.95,242.0,33174.0
3室2厅,南方花园枫彩园 ,135.88,350.0,25759.0
3室2厅,金王府 ,104.38,335.0,32095.0
5室2厅,天泽苑 ,183.14,540.0,29486.0
4室2厅,麒麟山庄 ,139.62,350.0,25069.0
3室1厅,花神美境 ,95.29,340.0,35681.0
2室2厅,威尼斯水城第十街区 ,85.71,206.0,24035.0
3室1厅,丹凤新寓 ,87.9,280.0,31855.0
2室1厅,万科金域缇香 ,88.06,510.0,57916.0
2室1厅,大纱帽巷40号 ,52.64,255.0,48443.0
2室2厅,合家春天 ,76.8,210.0,27344.0
2室2厅,茶花里 ,80.34,240.0,29874.0
3室2厅,东郊小镇第二街区 ,115.98,250.0,21556.0
3室1厅,百水芊城秀水坊 ,83.11,192.0,23102.0
3室1厅,天华硅谷 ,89.51,205.0,22903.0
3室2厅,文鼎雅苑 ,89.81,240.0,26724.0
2室1厅,露园 ,57.98,188.0,32425.0
3室1厅,西桥 ,77.98,235.0,30136.0
2室2厅,五老村 ,69.28,245.0,35364.0
2室1厅,百水家园 ,64.9,150.0,23113.0
2室1厅,宁欣苑小区 ,69.28,168.0,24250.0
3室2厅,翠屏国际水杉苑 ,134.49,368.0,27363.0
5室2厅,雅居乐花园 ,262.03,1058.0,40378.0
6室2厅,明发滨江新城三期 ,235.74,438.0,18580.0
4室3厅,东郊小镇第二街区 ,149.22,240.0,16084.0
3室3厅,颐和南园 ,262.1,650.0,24800.0
3室0厅,尖角营小区 ,40.43,135.0,33392.0
1室1厅,天玺国际广场 ,57.56,388.0,67408.0
2室1厅,莫愁新寓胜棋里 ,55.7,170.0,30521.0
2室2厅,威尼斯水城第三街区 ,99.76,215.0,21552.0
3室2厅,旭日爱上城第四区北区 ,111.61,290.0,25984.0
3室2厅,梅花山庄南华苑 ,142.49,498.0,34950.0
4室1厅,汉口路 ,92.78,335.0,36107.0
1室1厅,永丰大厦 ,85.38,165.0,19326.0
3室1厅,钟麓花园 ,65.93,205.0,31094.0
3室1厅,铂领公寓 ,106.04,355.0,33478.0
3室2厅,金信花园 ,115.4,520.0,45061.0
2室2厅,华汇康城 ,84.17,183.0,21742.0
2室2厅,御水湾花园 ,92.63,350.0,37785.0
3室2厅,汉口路40号 ,134.02,536.0,39995.0
2室2厅,天润城第十二街区 ,77.96,183.0,23474.0
1室1厅,辰龙雅苑 ,41.69,150.0,35980.0
2室1厅,雅居乐花园 ,55.71,230.0,41286.0
2室1厅,仙鹤里小区 ,51.49,168.0,32628.0
5室2厅,银城西堤国际一区 ,178.89,900.0,50311.0
2室2厅,百合果园 ,77.58,350.0,45115.0
2室1厅,白鹭花园凤栖苑 ,51.99,175.0,33661.0
3室2厅,碧瑶花园一期 ,126.09,558.0,44255.0
2室2厅,同曦国际广场 ,97.81,305.0,31183.0
3室2厅,威尼斯水城第十街区 ,94.68,310.0,32742.0
4室2厅,枫丹白露枫丹花园 ,147.23,550.0,37357.0
2室1厅,上海路154至158号 ,58.47,185.0,31641.0
2室1厅,豆菜桥小区 ,59.23,195.0,32923.0
1室1厅,左邻右里家园泊客公寓 ,44.98,120.0,26679.0
2室1厅,光华园 ,52.84,158.6,30000.0
1室1厅,兆园 ,41.74,118.0,28271.0
2室1厅,康福村 ,50.8,130.0,25591.0
4室2厅,湖滨公寓 ,127.4,335.0,26296.0
2室2厅,月牙湖花园 ,82.31,320.0,38878.0
2室1厅,天悦花园 ,45.71,145.0,31722.0
1室2厅,都市名园 ,53.88,203.0,37677.0
3室2厅,21世纪国际公寓 ,103.36,280.0,27090.0
2室0厅,来凤街 ,58.48,182.0,31122.0
3室2厅,21世纪国际公寓 ,103.36,280.0,27090.0
2室0厅,来凤街 ,58.48,182.0,31122.0
4室2厅,明发滨江新城三期 ,139.0,260.0,18706.0
2室1厅,晏公庙54号 ,67.31,205.0,30457.0
3室2厅,爱涛翠湖花园 ,143.15,310.0,21656.0
1室1厅,合家春天 ,38.43,98.0,25501.0
3室2厅,藏龙御景 ,130.02,356.0,27381.0
2室1厅,东方城启明园 ,77.01,235.0,30516.0
2室1厅,瑞鸿名邸 ,66.08,210.0,31780.0
2室1厅,长江新村2号 ,75.58,238.0,31490.0
3室2厅,天润城第九街区 ,101.28,230.0,22710.0
1室1厅,辰龙广场 ,44.42,298.0,67087.0
2室2厅,天润城第三街区 ,81.16,175.0,21563.0
2室1厅,瑞金路二号四号小区 ,54.95,217.0,39491.0
3室1厅,豆腐坊 ,62.2,185.0,29743.0
2室1厅,东井村41号 ,43.04,115.0,26720.0
2室1厅,营苑新寓 ,72.92,168.0,23039.0
2室1厅,百水芊城春水坊 ,62.81,144.0,22927.0
2室1厅,迎江园 ,61.28,330.0,53852.0
2室1厅,二条巷 ,52.17,185.0,35461.0
1室1厅,武学园小区 ,50.49,175.0,34661.0
2室1厅,四方新村六村 ,71.6,157.0,21928.0
2室1厅,四方新村六村 ,71.83,165.0,22971.0
3室2厅,邮政世纪花园 ,89.25,560.0,62746.0
1室1厅,来凤新村 ,39.06,110.0,28162.0
3室2厅,翠屏清华园 ,126.74,365.0,28800.0
2室1厅,银河湾紫苑 ,79.36,178.0,22430.0
3室1厅,东郊小镇第六街区 ,87.86,185.0,21057.0
2室2厅,悦民公寓 ,92.0,188.0,20435.0
2室1厅,蒋王庙街 ,54.09,145.0,26808.0
2室2厅,梅花山庄中沁苑 ,86.39,295.0,34148.0
2室2厅,银轮花园 ,84.96,288.0,33899.0
3室1厅,海润枫景家园 ,98.09,185.0,18861.0
3室2厅,武夷绿洲品茗苑 ,128.61,375.0,29158.0
3室1厅,石婆婆庵 ,101.39,472.0,46553.0
3室2厅,明发滨江新城二期 ,132.42,360.0,27187.0
2室2厅,天润城第十街区 ,80.39,190.0,23635.0
2室1厅,天润城第十二街区 ,76.6,180.0,23499.0
2室2厅,阳光聚宝山庄 ,104.15,330.0,31686.0
2室1厅,莫愁花园牡丹里 ,85.01,305.0,35879.0
2室2厅,华盛园 ,41.34,142.0,34350.0
2室1厅,红花地 ,57.17,188.0,32885.0
1室1厅,盈嘉青春渡 ,33.83,76.0,22466.0
6室3厅,华汇康城 ,177.46,369.0,20794.0
2室1厅,铁路北街 ,60.8,150.0,24672.0
2室1厅,佛心桥 ,53.21,165.0,31010.0
2室2厅,东升村 ,74.78,205.0,27414.0
2室1厅,太平门东街 ,52.7,158.0,29982.0
2室1厅,樱驼花园颂和园 ,69.89,230.0,32909.0
2室1厅,金陵新九村 ,68.5,178.0,25986.0
2室2厅,宋都奥体名座 ,76.88,350.0,45526.0
2室1厅,金陵新七村 ,59.63,148.0,24820.0
2室1厅,华保新寓 ,67.12,250.0,37247.0
2室1厅,樱驼花园华康苑 ,64.22,192.0,29898.0
2室1厅,北阴阳营 ,58.75,165.0,28086.0
3室2厅,洪武公寓 ,113.44,350.0,30854.0
2室1厅,晏公庙西村 ,59.91,172.0,28710.0
3室2厅,托乐嘉吉邻居 ,145.04,425.0,29303.0
4室3厅,东郊小镇第一街区 ,129.44,210.0,16224.0
6室2厅,栖园 ,344.03,1480.0,43020.0
6室3厅,华汇康城 ,177.46,369.0,20794.0
2室1厅,铁路北街 ,60.8,150.0,24672.0
2室1厅,佛心桥 ,53.21,165.0,31010.0
2室2厅,东升村 ,74.78,205.0,27414.0
2室1厅,太平门东街 ,52.7,158.0,29982.0
2室1厅,樱驼花园颂和园 ,69.89,230.0,32909.0
2室1厅,金陵新九村 ,68.5,178.0,25986.0
2室2厅,宋都奥体名座 ,76.88,350.0,45526.0
2室1厅,金陵新七村 ,59.63,148.0,24820.0
2室1厅,华保新寓 ,67.12,250.0,37247.0
2室1厅,樱驼花园华康苑 ,64.22,192.0,29898.0
2室1厅,北阴阳营 ,58.75,165.0,28086.0
1室1厅,盈嘉青春渡 ,33.83,76.0,22466.0
2室1厅,康美里 ,52.03,143.0,27485.0
1室1厅,钓鱼台 ,39.34,112.0,28470.0
1室1厅,瑞金新村 ,30.25,125.0,41323.0
2室1厅,紫气钟山 ,63.9,210.0,32864.0
4室1厅,春江新城鸿觉坊 ,84.71,210.0,24791.0
2室1厅,万达紫金明珠 ,85.41,240.0,28100.0
1室1厅,贡园 ,43.53,124.0,28487.0
2室2厅,碧水湾西园 ,77.86,210.0,26972.0
2室1厅,蓝岸3G ,61.6,96.0,15585.0
4室2厅,翠屏国际银杏苑 ,174.71,452.0,25872.0
3室2厅,观城 ,103.49,530.0,51213.0
2室1厅,清江花苑明月园 ,72.18,298.0,41286.0
2室1厅,瀛洲湾 ,75.4,192.0,25465.0
2室1厅,后宰门清溪村 ,50.15,133.0,26521.0
1室1厅,天安恒隆花园 ,50.4,170.0,33731.0
2室1厅,富贵山小区 ,46.82,130.0,27766.0
4室3厅,天地新城天一座 ,84.32,289.0,34275.0
4室1厅,融侨世家 ,108.53,253.0,23312.0
2室1厅,金陵新九村 ,69.97,155.0,22153.0
3室1厅,天地新城天柱座 ,103.0,263.0,25534.0
3室2厅,明发滨江新城一期 ,125.18,268.0,21410.0
2室2厅,江南青年城惠山苑 ,100.99,235.0,23270.0
3室1厅,天地花园 ,76.57,195.0,25467.0
2室2厅,南林一村 ,76.83,252.0,32800.0
2室2厅,星雨华府 ,95.68,550.0,57484.0
3室2厅,青山湾花园 ,109.08,265.0,24295.0
2室1厅,岗虹苑 ,50.16,140.0,27911.0
2室1厅,桥工新村 ,58.12,120.0,20647.0
2室2厅,南京恒大绿洲 ,89.24,255.0,28575.0
2室1厅,安怀村 ,62.1,155.0,24960.0
2室2厅,富丽山庄 ,93.84,310.0,33035.0
2室1厅,赤壁路 ,62.42,310.0,49664.0
3室2厅,天华硅谷 ,114.61,235.0,20505.0
2室2厅,百家湖国际花园 ,108.76,306.0,28136.0
1室1厅,正泰大厦 ,64.59,168.0,26011.0
4室2厅,江南文枢苑书朗苑 ,207.96,440.0,21158.0
2室2厅,金地自在城第八街区 ,87.52,216.0,24681.0
3室2厅,爱秦湾 ,115.67,380.0,32853.0
2室2厅,天润城第三街区 ,93.77,195.0,20796.0
2室1厅,宁工新寓二村 ,61.06,258.0,42254.0
2室1厅,鸿意星城 ,62.66,188.0,30004.0
2室2厅,天润城第四街区 ,81.7,175.0,21420.0
2室2厅,金王府 ,77.49,245.0,31617.0
3室2厅,裕顺雅苑 ,103.14,410.0,39752.0
2室2厅,天润城第十四街区 ,78.57,180.0,22910.0
2室2厅,天润城第十四街区 ,78.57,180.0,22910.0
3室2厅,大邦花园 ,115.23,460.0,39921.0
3室1厅,银城花园北片 ,82.59,350.0,42379.0
5室2厅,旭日家园 ,137.13,238.0,17356.0
3室1厅,仓顶 ,69.79,190.0,27225.0
3室1厅,后标营35号 ,79.97,253.0,31637.0
3室2厅,兰亭雅苑 ,98.02,320.0,32647.0
3室2厅,东郊小镇第八街区 ,75.05,175.0,23318.0
2室2厅,文化名园上筑园 ,68.89,230.0,33387.0
3室1厅,棉鞋营小区 ,69.43,218.0,31399.0
2室1厅,幸福美地花园 ,75.73,159.0,20996.0
2室1厅,琥珀巷高层小区 ,71.13,215.0,30227.0
2室1厅,后标营 ,66.47,170.0,25576.0
2室1厅,东方龙湖湾 ,62.94,168.0,26693.0
3室2厅,同曦青春水岸 ,99.66,336.0,33715.0
5室2厅,颐和美地 ,233.13,618.0,26509.0
2室1厅,萨家湾 ,51.24,130.0,25371.0
2室1厅,新河一村 ,47.77,250.0,52335.0
2室1厅,民佳园小区 ,81.62,360.0,44107.0
1室1厅,嘉业国际城 ,55.97,222.0,39665.0
2室1厅,多伦路 ,52.64,147.0,27926.0
2室1厅,爱达花园兰花园 ,66.11,155.0,23446.0
3室2厅,奥体新城翠杉园 ,116.06,575.0,49544.0
2室1厅,清凉山庄 ,48.62,240.0,49363.0
3室2厅,中海万锦熙岸一期 ,138.0,340.0,24638.0
2室2厅,威尼斯水城第八街区 ,90.02,217.0,24106.0
3室3厅,德盈国际 ,78.12,380.0,48644.0
4室2厅,万科金色半山 ,143.09,375.0,26208.0
3室1厅,南理工小区西园小区 ,75.48,268.0,35507.0
3室1厅,旭日爱上城第四区南区 ,83.0,190.0,22892.0
2室1厅,北阴阳营8号 ,58.78,180.0,30623.0
3室2厅,缔景名苑 ,104.86,248.0,23651.0
3室2厅,江佑铂庭 ,115.0,305.0,26522.0
2室1厅,明发城市广场 ,87.81,230.0,26193.0
3室2厅,诚品城 ,101.25,265.0,26173.0
3室2厅,威尼斯水城第三街区 ,132.92,250.0,18809.0
3室1厅,九华山小区 ,79.28,262.0,33048.0
3室2厅,托乐嘉贵邻居 ,131.19,399.0,30414.0
3室1厅,华阳佳园华彩苑 ,79.09,296.0,37426.0
3室2厅,托乐嘉旺邻居 ,150.39,450.0,29923.0
3室2厅,明发滨江新城二期 ,110.03,255.0,23176.0
2室2厅,梅花山庄中沁苑 ,86.91,290.0,33368.0
3室2厅,威尼斯水城第十街区 ,110.6,250.0,22604.0
3室2厅,东方红郡 ,95.94,248.0,25850.0
3室2厅,大华锦绣华城榴美颂 ,123.28,285.0,23119.0
3室1厅,卫岗26号小区 ,65.73,182.0,27690.0
3室2厅,明发滨江新城一期 ,110.8,236.0,21300.0
4室1厅,金城丽景北区 ,91.38,220.0,24076.0
3室2厅,中海万锦熙岸一期 ,138.0,340.0,24638.0
2室2厅,威尼斯水城第八街区 ,90.02,217.0,24106.0
3室3厅,德盈国际 ,78.12,380.0,48644.0
4室2厅,万科金色半山 ,143.09,375.0,26208.0
3室1厅,南理工小区西园小区 ,75.48,268.0,35507.0
4室2厅,银城东苑望山苑 ,146.62,630.0,42969.0
3室1厅,二号新村 ,74.43,268.0,36007.0
5室3厅,莱茵东郡 ,241.84,530.0,21916.0
2室1厅,风光里小区 ,91.22,296.0,32450.0
3室2厅,天正天御溪岸A区 ,106.79,269.0,25190.0
